/*******************************************************************************
 * Size: 70 px
 * Bpp: 1
 * Opts: --size 70 --bpp 1 --no-compress --no-kerning --format lvgl --font boards/waveshare-s3-rlcd-4.2/components/ui_bsp/NotoSansMonoCJKsc-GBK.ttf -r 0x20-0x7e -o /tmp/noto_mono_70.c --lv-font-name noto_mono_70
 ******************************************************************************/

#ifdef LV_LVGL_H_INCLUDE_SIMPLE
#include "lvgl.h"
#else
#include "lvgl/lvgl.h"
#endif

#ifndef NOTO_MONO_70
#define NOTO_MONO_70 1
#endif

#if NOTO_MONO_70

/*-----------------
 *    BITMAPS
 *----------------*/

/*Store the image of the glyphs*/
static LV_ATTRIBUTE_LARGE_CONST const uint8_t glyph_bitmap[] = {
    /* U+0020 " " */
    0x0,

    /* U+0021 "!" */
    0x3e, 0x1f, 0xf, 0x87, 0xc3, 0xe1, 0xf0, 0xf8,
    0x7c, 0x3e, 0x1f, 0xf, 0x87, 0xc3, 0xe1, 0xf0,
    0xf8, 0x7c, 0x3e, 0x1f, 0xf, 0x87, 0xc3, 0xe1,
    0xf0, 0xf8, 0x7c, 0x3e, 0x1f, 0xf, 0x87, 0xc3,
    0xe1, 0xf0, 0xf8, 0x7c, 0x3e, 0x1f, 0xf, 0x87,
    0xc3, 0xe0, 0x0, 0x0, 0x0, 0x0, 0x0, 0x0,
    0x0, 0x3, 0xe3, 0xfb, 0xff, 0xff, 0xff, 0xff,
    0xff, 0xef, 0xe3, 0xe0,

    /* U+0022 "\"" */
    0xfe, 0x7, 0xff, 0xe0, 0x7f, 0xfe, 0x7, 0xff,
    0xe0, 0x7f, 0xfe, 0x7, 0xff, 0xe0, 0x7f, 0xfe,
    0x7, 0xff, 0xe0, 0x7f, 0xfe, 0x7, 0xff, 0xe0,
    0x7f, 0xfe, 0x7, 0xff, 0xe0, 0x7f, 0x7c, 0x3,
    0xe7, 0xc0, 0x3e, 0x7c, 0x3, 0xe7, 0xc0, 0x3e,
    0x7c, 0x3, 0xe7, 0xc0, 0x3e, 0x7c, 0x3, 0xe7,
    0xc0, 0x3e,

    /* U+0023 "#" */
    0x0, 0x1e, 0x3, 0xc0, 0x0, 0x78, 0x7, 0x80,
    0x0, 0xf0, 0xf, 0x0, 0x1, 0xe0, 0x1e, 0x0,
    0x3, 0xc0, 0x3c, 0x0, 0x7, 0x80, 0xf8, 0x0,
    0xf, 0x1, 0xe0, 0x0, 0x1e, 0x3, 0xc0, 0x0,
    0x3c, 0x7, 0x80, 0x0, 0xf0, 0xf, 0x0, 0x1,
    0xe0, 0x1e, 0x0, 0x3, 0xc0, 0x3c, 0x0, 0x7,
    0x80, 0xf8, 0x0, 0xf, 0x1, 0xe0, 0xf, 0xff,
    0xff, 0xff, 0x9f, 0xff, 0xff, 0xff, 0x3f, 0xff,
    0xff, 0xfe, 0x7f, 0xff, 0xff, 0xfc, 0xff, 0xff,
    0xff, 0xf8, 0x7, 0x80, 0x78, 0x0, 0xf, 0x0,
    0xf0, 0x0, 0x1e, 0x1, 0xe0, 0x0, 0x3c, 0x7,
    0x80, 0x0, 0x78, 0xf, 0x0, 0x0, 0xf0, 0x1e,
    0x0, 0x1, 0xe0, 0x3c, 0x0, 0x7, 0x80, 0x78,
    0x0, 0xf, 0x0, 0xf0, 0x0, 0x1e, 0x1, 0xe0,
    0x0, 0x3c, 0x3, 0xc0, 0x3f, 0xff, 0xff, 0xfe,
    0x7f, 0xff, 0xff, 0xfc, 0xff, 0xff, 0xff, 0xf9,
    0xff, 0xff, 0xff, 0xf3, 0xff, 0xff, 0xff, 0xe0,
    0x1e, 0x1, 0xe0, 0x0, 0x3c, 0x3, 0xc0, 0x0,
    0x78, 0x7, 0x80, 0x0, 0xf0, 0xf, 0x0, 0x1,
    0xe0, 0x3e, 0x0, 0x3, 0xc0, 0x78, 0x0, 0x7,
    0x80, 0xf0, 0x0, 0xf, 0x1, 0xe0, 0x0, 0x3e,
    0x3, 0xc0, 0x0, 0x78, 0x7, 0x80, 0x0, 0xf0,
    0xf, 0x0, 0x1, 0xe0, 0x1e, 0x0, 0x3, 0xc0,
    0x3c, 0x0, 0x7, 0x80, 0xf0, 0x0, 0xf, 0x1,
    0xe0, 0x0, 0x1e, 0x3, 0xc0, 0x0,

    /* U+0024 "$" */
    0x0, 0xf, 0x80, 0x0, 0x1, 0xf0, 0x0, 0x0,
    0x3e, 0x0, 0x0, 0x7, 0xc0, 0x0, 0x0, 0xf8,
    0x0, 0x0, 0x1f, 0x0, 0x0, 0x3, 0xe0, 0x0,
    0x0, 0x7c, 0x0, 0x0, 0x3f, 0xe0, 0x0, 0x1f,
    0xff, 0x0, 0xf, 0xff, 0xf8, 0x3, 0xff, 0xff,
    0x80, 0xff, 0xff, 0xf8, 0x1f, 0xe0, 0xff, 0x87,
    0xf0, 0x7, 0xe0, 0xfc, 0x0, 0x78, 0x3f, 0x80,
    0x6, 0x7, 0xe0, 0x0, 0x0, 0xfc, 0x0, 0x0,
    0x1f, 0x80, 0x0, 0x3, 0xf0, 0x0, 0x0, 0x7e,
    0x0, 0x0, 0xf, 0xc0, 0x0, 0x1, 0xfc, 0x0,
    0x0, 0x3f, 0xc0, 0x0, 0x3, 0xfc, 0x0, 0x0,
    0x7f, 0xc0, 0x0, 0x7, 0xfc, 0x0, 0x0, 0x7f,
    0xc0, 0x0, 0xf, 0xfe, 0x0, 0x0, 0xff, 0xf0,
    0x0, 0x7, 0xff, 0x0, 0x0, 0x7f, 0xf0, 0x0,
    0x7, 0xff, 0x80, 0x0, 0x3f, 0xf8, 0x0, 0x3,
    0xff, 0x80, 0x0, 0x1f, 0xf0, 0x0, 0x1, 0xff,
    0x0, 0x0, 0x1f, 0xf0, 0x0, 0x1, 0xfe, 0x0,
    0x0, 0x3f, 0xc0, 0x0, 0x3, 0xfc, 0x0, 0x0,
    0x7f, 0x80, 0x0, 0x7, 0xf0, 0x0, 0x0, 0xfe,
    0x0, 0x0, 0x1f, 0xc0, 0x0, 0x3, 0xf8, 0x0,
    0x0, 0x7f, 0x0, 0x0, 0xf, 0xe6, 0x0, 0x3,
    0xf9, 0xf0, 0x0, 0x7f, 0x3f, 0x0, 0x1f, 0xef,
    0xfc, 0xf, 0xf8, 0xff, 0xff, 0xff, 0xf, 0xff,
    0xff, 0xc0, 0x7f, 0xff, 0xf0, 0x3, 0xff, 0xfc,
    0x0, 0x1f, 0xfe, 0x0, 0x0, 0x3e, 0x0, 0x0,
    0x7, 0xc0, 0x0, 0x0, 0xf8, 0x0, 0x0, 0x1f,
    0x0, 0x0, 0x3, 0xe0, 0x0, 0x0, 0x7c, 0x0,
    0x0, 0xf, 0x80, 0x0, 0x1, 0xf0, 0x0, 0x0,
    0x3e, 0x0, 0x0,

    /* U+0025 "%" */
    0x3, 0xe0, 0x0, 0x0, 0x7, 0xfc, 0x0, 0x0,
    0x7, 0xff, 0x0, 0x0, 0x87, 0xff, 0xc0, 0x0,
    0x63, 0xe3, 0xe0, 0x0, 0x7b, 0xe0, 0xf8, 0x0,
    0x79, 0xe0, 0x3c, 0x0, 0x38, 0xf0, 0x1e, 0x0,
    0x3c, 0xf0, 0x7, 0x80, 0x3c, 0x78, 0x3, 0xc0,
    0x1c, 0x3c, 0x1, 0xe0, 0x1e, 0x1e, 0x0, 0xf0,
    0x1e, 0xf, 0x0, 0x78, 0xe, 0x7, 0x80, 0x3c,
    0xf, 0x3, 0xc0, 0x1e, 0xf, 0x1, 0xe0, 0xf,
    0x7, 0x0, 0xf0, 0x7, 0x87, 0x80, 0x78, 0x3,
    0xc7, 0x80, 0x1e, 0x3, 0xc3, 0x80, 0xf, 0x1,
    0xe3, 0xc0, 0x7, 0xc1, 0xf3, 0xc0, 0x1, 0xf1,
    0xf1, 0xc0, 0x0, 0xff, 0xf9, 0xc0, 0x0, 0x3f,
    0xf9, 0xe0, 0x0, 0xf, 0xf8, 0xe0, 0x0, 0x1,
    0xf0, 0xe0, 0x0, 0x0, 0x0, 0xf0, 0xf8, 0x0,
    0x0, 0x71, 0xff, 0x0, 0x0, 0x71, 0xff, 0xc0,
    0x0, 0x79, 0xff, 0xf0, 0x0, 0x38, 0xf8, 0xf8,
    0x0, 0x38, 0xf8, 0x3e, 0x0, 0x3c, 0x78, 0xf,
    0x0, 0x1c, 0x3c, 0x7, 0x80, 0x1c, 0x3c, 0x1,
    0xe0, 0x1e, 0x1e, 0x0, 0xf0, 0xe, 0xf, 0x0,
    0x78, 0xe, 0x7, 0x80, 0x3c, 0xf, 0x3, 0xc0,
    0x1e, 0x7, 0x1, 0xe0, 0xf, 0x7, 0x0, 0xf0,
    0x7, 0x87, 0x80, 0x78, 0x3, 0xc3, 0x80, 0x3c,
    0x1, 0xe3, 0x80, 0x1e, 0x0, 0xf3, 0xc0, 0x7,
    0x80, 0xf1, 0xc0, 0x3, 0xc0, 0x79, 0xc0, 0x1,
    0xf0, 0x7c, 0xe0, 0x0, 0x7c, 0x7c, 0x0, 0x0,
    0x3f, 0xfe, 0x0, 0x0, 0xf, 0xfe, 0x0, 0x0,
    0x3, 0xfe, 0x0, 0x0, 0x0, 0x7c, 0x0,

    /* U+0026 "&" */
    0x0, 0x1f, 0x80, 0x0, 0x0, 0x7f, 0xe0, 0x0,
    0x0, 0xff, 0xf0, 0x0, 0x1, 0xff, 0xf0, 0x0,
    0x1, 0xff, 0xf8, 0x0, 0x3, 0xf1, 0xf8, 0x0,
    0x3, 0xe0, 0xfc, 0x0, 0x3, 0xe0, 0x7c, 0x0,
    0x7, 0xc0, 0x7c, 0x0, 0x7, 0xc0, 0x7c, 0x0,
    0x7, 0xc0, 0x7c, 0x0, 0x7, 0xc0, 0x7c, 0x0,
    0x7, 0xc0, 0x7c, 0x0, 0x7, 0xc0, 0x7c, 0x0,
    0x7, 0xc0, 0xf8, 0x0, 0x7, 0xc0, 0xf8, 0x0,
    0x7, 0xc1, 0xf8, 0x0, 0x3, 0xe1, 0xf0, 0x0,
    0x3, 0xe3, 0xe0, 0x0, 0x3, 0xe7, 0xe0, 0x0,
    0x3, 0xff, 0xc0, 0x0, 0x1, 0xff, 0x80, 0x0,
    0x1, 0xff, 0x0, 0x0, 0x1, 0xfe, 0x0, 0x0,
    0x0, 0xfe, 0x0, 0x0, 0x1, 0xfc, 0x0, 0x3e,
    0x3, 0xfc, 0x0, 0x3e, 0x7, 0xfe, 0x0, 0x7e,
    0x7, 0xfe, 0x0, 0x7e, 0xf, 0xff, 0x0, 0x7c,
    0x1f, 0xbf, 0x0, 0x7c, 0x3f, 0x9f, 0x80, 0xfc,
    0x3f, 0x1f, 0x80, 0xfc, 0x7f, 0xf, 0xc0, 0xf8,
    0x7e, 0xf, 0xe1, 0xf8, 0xfe, 0x7, 0xe1, 0xf8,
    0xfc, 0x7, 0xf1, 0xf0, 0xfc, 0x3, 0xfb, 0xf0,
    0xfc, 0x1, 0xff, 0xf0, 0xfc, 0x1, 0xff, 0xe0,
    0xfc, 0x0, 0xff, 0xe0, 0xfc, 0x0, 0x7f, 0xc0,
    0xfc, 0x0, 0x3f, 0xc0, 0xfe, 0x0, 0x1f, 0xc0,
    0x7e, 0x0, 0x1f, 0xe0, 0x7f, 0x0, 0x3f, 0xf0,
    0x7f, 0x80, 0x7f, 0xf8, 0x3f, 0xc1, 0xff, 0xfe,
    0x3f, 0xff, 0xfd, 0xff, 0x1f, 0xff, 0xf8, 0xfe,
    0xf, 0xff, 0xf0, 0x7e, 0x3, 0xff, 0xc0, 0x3c,
    0x0, 0xfe, 0x0, 0x8,

    /* U+0027 "'" */
    0xff, 0xff, 0xff, 0xff, 0xff, 0xff, 0xff, 0xff,
    0xff, 0xff, 0xf7, 0xcf, 0x9f, 0x3e, 0x7c, 0xf9,
    0xf3, 0xe0,

    /* U+0028 "(" */
    0x0, 0x1, 0x80, 0x0, 0x78, 0x0, 0x1f, 0x80,
    0x7, 0xf0, 0x1, 0xfc, 0x0, 0x7f, 0x0, 0x1f,
    0xc0, 0x7, 0xf0, 0x0, 0xfc, 0x0, 0x3f, 0x80,
    0xf, 0xe0, 0x1, 0xf8, 0x0, 0x7f, 0x0, 0xf,
    0xc0, 0x3, 0xf0, 0x0, 0x7e, 0x0, 0x1f, 0x80,
    0x3, 0xf0, 0x0, 0x7e, 0x0, 0x1f, 0x80, 0x3,
    0xf0, 0x0, 0x7e, 0x0, 0x1f, 0x80, 0x3, 0xf0,
    0x0, 0x7e, 0x0, 0xf, 0xc0, 0x1, 0xf8, 0x0,
    0x7e, 0x0, 0xf, 0xc0, 0x1, 0xf8, 0x0, 0x3f,
    0x0, 0x7, 0xe0, 0x0, 0xfc, 0x0, 0x1f, 0x80,
    0x3, 0xf0, 0x0, 0x7e, 0x0, 0xf, 0xc0, 0x1,
    0xf8, 0x0, 0x3f, 0x0, 0x7, 0xe0, 0x0, 0xfc,
    0x0, 0x1f, 0x80, 0x3, 0xf0, 0x0, 0x3f, 0x0,
    0x7, 0xe0, 0x0, 0xfc, 0x0, 0x1f, 0x80, 0x3,
    0xf0, 0x0, 0x3f, 0x0, 0x7, 0xe0, 0x0, 0xfc,
    0x0, 0x1f, 0x80, 0x1, 0xf8, 0x0, 0x3f, 0x0,
    0x3, 0xf0, 0x0, 0x7e, 0x0, 0xf, 0xe0, 0x0,
    0xfc, 0x0, 0x1f, 0xc0, 0x1, 0xf8, 0x0, 0x1f,
    0x80, 0x3, 0xf8, 0x0, 0x3f, 0x80, 0x3, 0xf8,
    0x0, 0x7f, 0x0, 0x7, 0xf0, 0x0, 0x7f, 0x0,
    0x7, 0xf0, 0x0, 0x7c, 0x0, 0x7, 0x0, 0x0,
    0x40,

    /* U+0029 ")" */
    0x30, 0x0, 0xf, 0x0, 0x3, 0xf0, 0x0, 0x7f,
    0x0, 0x7, 0xf0, 0x0, 0x7f, 0x0, 0x7, 0xf0,
    0x0, 0x7f, 0x0, 0x7, 0xe0, 0x0, 0xfe, 0x0,
    0xf, 0xe0, 0x0, 0xfc, 0x0, 0x1f, 0xc0, 0x1,
    0xf8, 0x0, 0x1f, 0x80, 0x3, 0xf0, 0x0, 0x3f,
    0x0, 0x7, 0xe0, 0x0, 0xfc, 0x0, 0xf, 0xc0,
    0x1, 0xf8, 0x0, 0x3f, 0x0, 0x3, 0xf0, 0x0,
    0x7e, 0x0, 0xf, 0xc0, 0x1, 0xf8, 0x0, 0x3f,
    0x0, 0x7, 0xe0, 0x0, 0x7e, 0x0, 0xf, 0xc0,
    0x1, 0xf8, 0x0, 0x3f, 0x0, 0x7, 0xe0, 0x0,
    0xfc, 0x0, 0x1f, 0x80, 0x3, 0xf0, 0x0, 0x7e,
    0x0, 0xf, 0xc0, 0x1, 0xf8, 0x0, 0x3f, 0x0,
    0x7, 0xe0, 0x0, 0xfc, 0x0, 0x1f, 0x80, 0x7,
    0xe0, 0x0, 0xfc, 0x0, 0x1f, 0x80, 0x3, 0xf0,
    0x0, 0x7e, 0x0, 0x1f, 0x80, 0x3, 0xf0, 0x0,
    0x7e, 0x0, 0x1f, 0xc0, 0x3, 0xf0, 0x0, 0x7e,
    0x0, 0x1f, 0x80, 0x3, 0xf0, 0x0, 0xfe, 0x0,
    0x1f, 0x80, 0x7, 0xe0, 0x1, 0xfc, 0x0, 0x3f,
    0x0, 0xf, 0xe0, 0x3, 0xf8, 0x0, 0xfe, 0x0,
    0x1f, 0x80, 0x7, 0xf0, 0x1, 0xfc, 0x0, 0x7f,
    0x0, 0x7, 0xc0, 0x0, 0x70, 0x0, 0x4, 0x0,
    0x0,

    /* U+002A "*" */
    0x0, 0x38, 0x0, 0x0, 0x70, 0x0, 0x1, 0xe0,
    0x0, 0x3, 0xe0, 0x0, 0x7, 0xc0, 0x0, 0xf,
    0x80, 0x0, 0x1f, 0x0, 0x3c, 0x3e, 0x1e, 0xff,
    0xff, 0xff, 0xff, 0xff, 0xfd, 0xff, 0xff, 0xf0,
    0x7f, 0xff, 0x0, 0x3f, 0xf8, 0x0, 0x3f, 0xe0,
    0x0, 0x7f, 0xc0, 0x1, 0xff, 0xc0, 0x7, 0xef,
    0xc0, 0xf, 0x8f, 0x80, 0x3e, 0xf, 0x80, 0xfc,
    0x1f, 0x81, 0xf0, 0x1f, 0x1, 0xc0, 0x1c, 0x1,
    0x0, 0x0, 0x0,

    /* U+002B "+" */
    0x0, 0x7, 0xc0, 0x0, 0x0, 0xf, 0x80, 0x0,
    0x0, 0x1f, 0x0, 0x0, 0x0, 0x3e, 0x0, 0x0,
    0x0, 0x7c, 0x0, 0x0, 0x0, 0xf8, 0x0, 0x0,
    0x1, 0xf0, 0x0, 0x0, 0x3, 0xe0, 0x0, 0x0,
    0x7, 0xc0, 0x0, 0x0, 0xf, 0x80, 0x0, 0x0,
    0x1f, 0x0, 0x0, 0x0, 0x3e, 0x0, 0x0, 0x0,
    0x7c, 0x0, 0x0, 0x0, 0xf8, 0x0, 0x0, 0x1,
    0xf0, 0x0, 0x7f, 0xff, 0xff, 0xff, 0xff, 0xff,
    0xff, 0xff, 0xff, 0xff, 0xff, 0xff, 0xff, 0xff,
    0xff, 0xff, 0xff, 0xff, 0xff, 0xf0, 0x0, 0x7c,
    0x0, 0x0, 0x0, 0xf8, 0x0, 0x0, 0x1, 0xf0,
    0x0, 0x0, 0x3, 0xe0, 0x0, 0x0, 0x7, 0xc0,
    0x0, 0x0, 0xf, 0x80, 0x0, 0x0, 0x1f, 0x0,
    0x0, 0x0, 0x3e, 0x0, 0x0, 0x0, 0x7c, 0x0,
    0x0, 0x0, 0xf8, 0x0, 0x0, 0x1, 0xf0, 0x0,
    0x0, 0x3, 0xe0, 0x0, 0x0, 0x7, 0xc0, 0x0,
    0x0, 0xf, 0x80, 0x0, 0x0, 0x1f, 0x0, 0x0,

    /* U+002C "," */
    0xf, 0x81, 0xfc, 0x3f, 0xe3, 0xfe, 0x7f, 0xf3,
    0xff, 0x3f, 0xf1, 0xff, 0xf, 0xf0, 0x1f, 0x1,
    0xf0, 0x1f, 0x3, 0xe0, 0x3e, 0x7, 0xc0, 0xfc,
    0x1f, 0x87, 0xf0, 0xfe, 0xf, 0xc0, 0x78, 0x6,
    0x0,

    /* U+002D "-" */
    0xff, 0xff, 0xff, 0xff, 0xff, 0xff, 0xff, 0xff,
    0xff, 0xff, 0xff, 0xff, 0xf0,

    /* U+002E "." */
    0x3e, 0x3f, 0xbf, 0xff, 0xff, 0xff, 0xff, 0xfe,
    0xfe, 0x3e, 0x0,

    /* U+002F "/" */
    0x0, 0x0, 0x0, 0xf8, 0x0, 0x0, 0x7, 0xc0,
    0x0, 0x0, 0x3c, 0x0, 0x0, 0x3, 0xe0, 0x0,
    0x0, 0x1f, 0x0, 0x0, 0x0, 0xf0, 0x0, 0x0,
    0xf, 0x80, 0x0, 0x0, 0x78, 0x0, 0x0, 0x7,
    0xc0, 0x0, 0x0, 0x3e, 0x0, 0x0, 0x1, 0xe0,
    0x0, 0x0, 0x1f, 0x0, 0x0, 0x0, 0xf8, 0x0,
    0x0, 0x7, 0x80, 0x0, 0x0, 0x7c, 0x0, 0x0,
    0x3, 0xe0, 0x0, 0x0, 0x1e, 0x0, 0x0, 0x1,
    0xf0, 0x0, 0x0, 0xf, 0x0, 0x0, 0x0, 0xf8,
    0x0, 0x0, 0x7, 0xc0, 0x0, 0x0, 0x3c, 0x0,
    0x0, 0x3, 0xe0, 0x0, 0x0, 0x1f, 0x0, 0x0,
    0x0, 0xf0, 0x0, 0x0, 0xf, 0x80, 0x0, 0x0,
    0x7c, 0x0, 0x0, 0x3, 0xc0, 0x0, 0x0, 0x3e,
    0x0, 0x0, 0x1, 0xe0, 0x0, 0x0, 0x1f, 0x0,
    0x0, 0x0, 0xf8, 0x0, 0x0, 0x7, 0x80, 0x0,
    0x0, 0x7c, 0x0, 0x0, 0x3, 0xe0, 0x0, 0x0,
    0x1e, 0x0, 0x0, 0x1, 0xf0, 0x0, 0x0, 0xf,
    0x80, 0x0, 0x0, 0x78, 0x0, 0x0, 0x7, 0xc0,
    0x0, 0x0, 0x3c, 0x0, 0x0, 0x3, 0xe0, 0x0,
    0x0, 0x1f, 0x0, 0x0, 0x0, 0xf0, 0x0, 0x0,
    0xf, 0x80, 0x0, 0x0, 0x7c, 0x0, 0x0, 0x3,
    0xc0, 0x0, 0x0, 0x3e, 0x0, 0x0, 0x1, 0xe0,
    0x0, 0x0, 0x1f, 0x0, 0x0, 0x0, 0xf8, 0x0,
    0x0, 0x7, 0x80, 0x0, 0x0, 0x7c, 0x0, 0x0,
    0x3, 0xe0, 0x0, 0x0, 0x1e, 0x0, 0x0, 0x1,
    0xf0, 0x0, 0x0, 0xf, 0x80, 0x0, 0x0, 0x78,
    0x0, 0x0, 0x7, 0xc0, 0x0, 0x0, 0x3c, 0x0,
    0x0, 0x3, 0xe0, 0x0, 0x0, 0x1f, 0x0, 0x0,
    0x0, 0xf0, 0x0, 0x0, 0xf, 0x80, 0x0, 0x0,
    0x7c, 0x0, 0x0, 0x3, 0xc0, 0x0, 0x0, 0x3e,
    0x0, 0x0, 0x1, 0xf0, 0x0, 0x0, 0x0,

    /* U+0030 "0" */
    0x0, 0x1f, 0x80, 0x0, 0xf, 0xff, 0x0, 0x1,
    0xff, 0xf8, 0x0, 0x3f, 0xff, 0xc0, 0x7, 0xff,
    0xfe, 0x0, 0xff, 0xf, 0xf0, 0xf, 0xc0, 0x3f,
    0x1, 0xf8, 0x1, 0xf8, 0x1f, 0x80, 0x1f, 0x83,
    0xf0, 0x0, 0xfc, 0x3f, 0x0, 0xf, 0xc3, 0xf0,
    0x0, 0xfc, 0x7e, 0x0, 0x7, 0xe7, 0xe0, 0x0,
    0x7e, 0x7e, 0x0, 0x7, 0xe7, 0xe0, 0x0, 0x7e,
    0x7c, 0x0, 0x7, 0xef, 0xc0, 0x0, 0x3f, 0xfc,
    0x0, 0x3, 0xff, 0xc0, 0x0, 0x3f, 0xfc, 0x0,
    0x3, 0xff, 0xc0, 0x0, 0x3f, 0xfc, 0x0, 0x3,
    0xff, 0xc0, 0x0, 0x3f, 0xfc, 0x0, 0x3, 0xff,
    0xc0, 0x0, 0x3f, 0xfc, 0x0, 0x3, 0xff, 0xc0,
    0x0, 0x3f, 0xfc, 0x0, 0x3, 0xff, 0xc0, 0x0,
    0x3f, 0xfc, 0x0, 0x3, 0xff, 0xc0, 0x0, 0x3f,
    0xfc, 0x0, 0x3, 0xff, 0xc0, 0x0, 0x3f, 0x7c,
    0x0, 0x3, 0xe7, 0xe0, 0x0, 0x7e, 0x7e, 0x0,
    0x7, 0xe7, 0xe0, 0x0, 0x7e, 0x7e, 0x0, 0x7,
    0xe7, 0xe0, 0x0, 0x7e, 0x3f, 0x0, 0xf, 0xc3,
    0xf0, 0x0, 0xfc, 0x3f, 0x0, 0xf, 0xc1, 0xf8,
    0x1, 0xf8, 0x1f, 0xc0, 0x3f, 0x80, 0xfc, 0x3,
    0xf0, 0x7, 0xf0, 0xfe, 0x0, 0x7f, 0xff, 0xe0,
    0x3, 0xff, 0xfc, 0x0, 0x1f, 0xff, 0x80, 0x0,
    0x7f, 0xe0, 0x0, 0x1, 0xf8, 0x0,

    /* U+0031 "1" */
    0x0, 0xf, 0xc0, 0x0, 0x7, 0xf8, 0x0, 0x7,
    0xff, 0x0, 0x7, 0xff, 0xe0, 0x3, 0xff, 0xfc,
    0x0, 0x7f, 0xff, 0x80, 0xf, 0xff, 0xf0, 0x1,
    0xff, 0xfe, 0x0, 0x0, 0x1f, 0xc0, 0x0, 0x3,
    0xf8, 0x0, 0x0, 0x7f, 0x0, 0x0, 0xf, 0xe0,
    0x0, 0x1, 0xfc, 0x0, 0x0, 0x3f, 0x80, 0x0,
    0x7, 0xf0, 0x0, 0x0, 0xfe, 0x0, 0x0, 0x1f,
    0xc0, 0x0, 0x3, 0xf8, 0x0, 0x0, 0x7f, 0x0,
    0x0, 0xf, 0xe0, 0x0, 0x1, 0xfc, 0x0, 0x0,
    0x3f, 0x80, 0x0, 0x7, 0xf0, 0x0, 0x0, 0xfe,
    0x0, 0x0, 0x1f, 0xc0, 0x0, 0x3, 0xf8, 0x0,
    0x0, 0x7f, 0x0, 0x0, 0xf, 0xe0, 0x0, 0x1,
    0xfc, 0x0, 0x0, 0x3f, 0x80, 0x0, 0x7, 0xf0,
    0x0, 0x0, 0xfe, 0x0, 0x0, 0x1f, 0xc0, 0x0,
    0x3, 0xf8, 0x0, 0x0, 0x7f, 0x0, 0x0, 0xf,
    0xe0, 0x0, 0x1, 0xfc, 0x0, 0x0, 0x3f, 0x80,
    0x0, 0x7, 0xf0, 0x0, 0x0, 0xfe, 0x0, 0x0,
    0x1f, 0xc0, 0x0, 0x3, 0xf8, 0x0, 0x0, 0x7f,
    0x0, 0x0, 0xf, 0xe0, 0x0, 0x1, 0xfc, 0x1,
    0xff, 0xff, 0xff, 0xff, 0xff, 0xff, 0xff, 0xff,
    0xff, 0xff, 0xff, 0xff, 0xff, 0xff, 0xff, 0xff,
    0xfc,

    /* U+0032 "2" */
    0x0, 0x7f, 0x80, 0x0, 0x3f, 0xfe, 0x0, 0x7,
    0xff, 0xf8, 0x1, 0xff, 0xff, 0xc0, 0x3f, 0xff,
    0xfe, 0x7, 0xf8, 0x1f, 0xf0, 0xfe, 0x0, 0xff,
    0xf, 0xc0, 0x7, 0xf8, 0x78, 0x0, 0x3f, 0x83,
    0x0, 0x3, 0xf8, 0x10, 0x0, 0x3f, 0xc0, 0x0,
    0x1, 0xfc, 0x0, 0x0, 0x1f, 0xc0, 0x0, 0x1,
    0xfc, 0x0, 0x0, 0x1f, 0xc0, 0x0, 0x1, 0xfc,
    0x0, 0x0, 0x1f, 0xc0, 0x0, 0x1, 0xfc, 0x0,
    0x0, 0x1f, 0xc0, 0x0, 0x3, 0xf8, 0x0, 0x0,
    0x3f, 0x80, 0x0, 0x3, 0xf8, 0x0, 0x0, 0x7f,
    0x0, 0x0, 0x7, 0xf0, 0x0, 0x0, 0xff, 0x0,
    0x0, 0xf, 0xe0, 0x0, 0x1, 0xfe, 0x0, 0x0,
    0x1f, 0xc0, 0x0, 0x3, 0xf8, 0x0, 0x0, 0x3f,
    0x80, 0x0, 0x7, 0xf0, 0x0, 0x0, 0xff, 0x0,
    0x0, 0xf, 0xe0, 0x0, 0x1, 0xfc, 0x0, 0x0,
    0x3f, 0x80, 0x0, 0x7, 0xf8, 0x0, 0x0, 0x7f,
    0x0, 0x0, 0xf, 0xe0, 0x0, 0x1, 0xfc, 0x0,
    0x0, 0x3f, 0xc0, 0x0, 0x3, 0xf8, 0x0, 0x0,
    0x7f, 0x0, 0x0, 0xf, 0xe0, 0x0, 0x1, 0xfc,
    0x0, 0x0, 0x3f, 0xc0, 0x0, 0x3, 0xf8, 0x0,
    0x0, 0x7f, 0xff, 0xff, 0xff, 0xff, 0xff, 0xff,
    0xff, 0xff, 0xff, 0xff, 0xff, 0xff, 0xff, 0xff,
    0xff, 0xff, 0xf0,

    /* U+0033 "3" */
    0x0, 0x1f, 0xc0, 0x0, 0xf, 0xff, 0x80, 0x3,
    0xff, 0xfe, 0x0, 0x7f, 0xff, 0xf0, 0x1f, 0xff,
    0xff, 0x83, 0xfe, 0x7, 0xf8, 0x3f, 0x80, 0x3f,
    0xc1, 0xf0, 0x1, 0xfc, 0xe, 0x0, 0xf, 0xc0,
    0x40, 0x0, 0xfe, 0x0, 0x0, 0x7, 0xe0, 0x0,
    0x0, 0x7e, 0x0, 0x0, 0x7, 0xe0, 0x0, 0x0,
    0x7e, 0x0, 0x0, 0x7, 0xe0, 0x0, 0x0, 0x7e,
    0x0, 0x0, 0xf, 0xe0, 0x0, 0x0, 0xfc, 0x0,
    0x0, 0xf, 0xc0, 0x0, 0x1, 0xfc, 0x0, 0x0,
    0x3f, 0x80, 0x0, 0xf, 0xf0, 0x0, 0x3, 0xfe,
    0x0, 0x7, 0xff, 0xc0, 0x0, 0x7f, 0xf8, 0x0,
    0x7, 0xff, 0x0, 0x0, 0x7f, 0xfc, 0x0, 0x7,
    0xff, 0xe0, 0x0, 0x3, 0xff, 0x0, 0x0, 0x7,
    0xf8, 0x0, 0x0, 0x1f, 0xc0, 0x0, 0x0, 0xfe,
    0x0, 0x0, 0x7, 0xe0, 0x0, 0x0, 0x7e, 0x0,
    0x0, 0x7, 0xf0, 0x0, 0x0, 0x3f, 0x0, 0x0,
    0x3, 0xf0, 0x0, 0x0, 0x3f, 0x0, 0x0, 0x3,
    0xf0, 0x0, 0x0, 0x3f, 0x0, 0x0, 0x3, 0xf1,
    0x0, 0x0, 0x7f, 0x18, 0x0, 0x7, 0xe3, 0xc0,
    0x0, 0x7e, 0x7e, 0x0, 0xf, 0xef, 0xf0, 0x1,
    0xfc, 0x7f, 0xc0, 0x7f, 0xc3, 0xff, 0xff, 0xf8,
    0x1f, 0xff, 0xff, 0x0, 0x7f, 0xff, 0xe0, 0x1,
    0xff, 0xf8, 0x0, 0x3, 0xfc, 0x0,

    /* U+0034 "4" */
    0x0, 0x0, 0x7f, 0x80, 0x0, 0x3, 0xfe, 0x0,
    0x0, 0xf, 0xf8, 0x0, 0x0, 0x7f, 0xe0, 0x0,
    0x1, 0xff, 0x80, 0x0, 0xf, 0xfe, 0x0, 0x0,
    0x3d, 0xf8, 0x0, 0x1, 0xf7, 0xe0, 0x0, 0xf,
    0xdf, 0x80, 0x0, 0x3e, 0x7e, 0x0, 0x1, 0xf9,
    0xf8, 0x0, 0x7, 0xc7, 0xe0, 0x0, 0x3f, 0x1f,
    0x80, 0x0, 0xf8, 0x7e, 0x0, 0x7, 0xe1, 0xf8,
    0x0, 0x1f, 0x7, 0xe0, 0x0, 0xfc, 0x1f, 0x80,
    0x3, 0xe0, 0x7e, 0x0, 0x1f, 0x81, 0xf8, 0x0,
    0x7c, 0x7, 0xe0, 0x3, 0xf0, 0x1f, 0x80, 0xf,
    0x80, 0x7e, 0x0, 0x7e, 0x1, 0xf8, 0x3, 0xf0,
    0x7, 0xe0, 0xf, 0xc0, 0x1f, 0x80, 0x7e, 0x0,
    0x7e, 0x1, 0xf8, 0x1, 0xf8, 0xf, 0xc0, 0x7,
    0xe0, 0x3e, 0x0, 0x1f, 0x81, 0xf8, 0x0, 0x7e,
    0x7, 0xc0, 0x1, 0xf8, 0x3f, 0xff, 0xff, 0xff,
    0xff, 0xff, 0xff, 0xff, 0xff, 0xff, 0xff, 0xff,
    0xff, 0xff, 0xff, 0xff, 0xff, 0xff, 0xff, 0x0,
    0x0, 0x1f, 0x80, 0x0, 0x0, 0x7e, 0x0, 0x0,
    0x1, 0xf8, 0x0, 0x0, 0x7, 0xe0, 0x0, 0x0,
    0x1f, 0x80, 0x0, 0x0, 0x7e, 0x0, 0x0, 0x1,
    0xf8, 0x0, 0x0, 0x7, 0xe0, 0x0, 0x0, 0x1f,
    0x80, 0x0, 0x0, 0x7e, 0x0, 0x0, 0x1, 0xf8,
    0x0, 0x0, 0x7, 0xe0, 0x0, 0x0, 0x1f, 0x80,
    0x0, 0x0, 0x7e, 0x0,

    /* U+0035 "5" */
    0x7, 0xff, 0xff, 0xe0, 0x3f, 0xff, 0xff, 0x1,
    0xff, 0xff, 0xf8, 0xf, 0xff, 0xff, 0xc0, 0x7f,
    0xff, 0xfe, 0x3, 0xf0, 0x0, 0x0, 0x1f, 0x80,
    0x0, 0x0, 0xf8, 0x0, 0x0, 0x7, 0xc0, 0x0,
    0x0, 0x7e, 0x0, 0x0, 0x3, 0xf0, 0x0, 0x0,
    0x1f, 0x80, 0x0, 0x0, 0xfc, 0x0, 0x0, 0x7,
    0xe0, 0x0, 0x0, 0x3f, 0x0, 0x0, 0x1, 0xf8,
    0x0, 0x0, 0xf, 0xc0, 0x0, 0x0, 0x7e, 0x0,
    0x0, 0x3, 0xf3, 0xfc, 0x0, 0x1f, 0x7f, 0xf8,
    0x0, 0xff, 0xff, 0xf0, 0x7, 0xff, 0xff, 0xc0,
    0x3f, 0xff, 0xff, 0x1, 0xfc, 0x1f, 0xf8, 0x7,
    0x80, 0x3f, 0xe0, 0x10, 0x0, 0xff, 0x0, 0x0,
    0x3, 0xfc, 0x0, 0x0, 0xf, 0xe0, 0x0, 0x0,
    0x7f, 0x0, 0x0, 0x3, 0xfc, 0x0, 0x0, 0xf,
    0xe0, 0x0, 0x0, 0x7f, 0x0, 0x0, 0x3, 0xf8,
    0x0, 0x0, 0x1f, 0xc0, 0x0, 0x0, 0xfe, 0x0,
    0x0, 0x7, 0xf0, 0x0, 0x0, 0x3f, 0x80, 0x0,
    0x1, 0xfc, 0x0, 0x0, 0x1f, 0xe0, 0x0, 0x0,
    0xfe, 0x0, 0x0, 0x7, 0xf0, 0x80, 0x0, 0x7f,
    0x8e, 0x0, 0x3, 0xf8, 0xf8, 0x0, 0x3f, 0xcf,
    0xf0, 0x3, 0xfc, 0x7f, 0xe0, 0x7f, 0xc0, 0xff,
    0xff, 0xfe, 0x3, 0xff, 0xff, 0xc0, 0xf, 0xff,
    0xfc, 0x0, 0x1f, 0xff, 0xc0, 0x0, 0x1f, 0xf0,
    0x0,

    /* U+0036 "6" */
    0x0, 0x7, 0xf8, 0x0, 0x3, 0xff, 0xe0, 0x0,
    0x7f, 0xff, 0x80, 0x1f, 0xff, 0xfc, 0x3, 0xff,
    0xff, 0xe0, 0x7f, 0xc1, 0xfe, 0x7, 0xf0, 0x7,
    0xc0, 0xfe, 0x0, 0x18, 0xf, 0xc0, 0x0, 0x1,
    0xf8, 0x0, 0x0, 0x1f, 0x80, 0x0, 0x3, 0xf0,
    0x0, 0x0, 0x3f, 0x0, 0x0, 0x3, 0xf0, 0x0,
    0x0, 0x7e, 0x0, 0x0, 0x7, 0xe0, 0x0, 0x0,
    0x7e, 0x0, 0x0, 0x7, 0xe0, 0x0, 0x0, 0x7c,
    0x0, 0x0, 0xf, 0xc0, 0x0, 0x0, 0xfc, 0x7,
    0xf0, 0xf, 0xc1, 0xff, 0xc0, 0xfc, 0x7f, 0xfe,
    0xf, 0xcf, 0xff, 0xf0, 0xfd, 0xff, 0xff, 0x8f,
    0xff, 0x7, 0xfc, 0xff, 0xc0, 0x1f, 0xcf, 0xf8,
    0x0, 0xfe, 0xff, 0x0, 0x7, 0xef, 0xe0, 0x0,
    0x7e, 0xfc, 0x0, 0x7, 0xff, 0xc0, 0x0, 0x3f,
    0xfc, 0x0, 0x3, 0xff, 0xc0, 0x0, 0x3f, 0xfc,
    0x0, 0x3, 0xf7, 0xc0, 0x0, 0x3f, 0x7c, 0x0,
    0x3, 0xf7, 0xe0, 0x0, 0x3f, 0x7e, 0x0, 0x3,
    0xf3, 0xe0, 0x0, 0x3f, 0x3f, 0x0, 0x7, 0xe3,
    0xf0, 0x0, 0x7e, 0x1f, 0x80, 0xf, 0xe1, 0xf8,
    0x0, 0xfc, 0xf, 0xc0, 0x1f, 0xc0, 0x7f, 0x7,
    0xf8, 0x7, 0xff, 0xff, 0x0, 0x3f, 0xff, 0xe0,
    0x0, 0xff, 0xfc, 0x0, 0x7, 0xff, 0x80, 0x0,
    0x1f, 0xc0, 0x0,

    /* U+0037 "7" */
    0xff, 0xff, 0xff, 0xff, 0xff, 0xff, 0xff, 0xff,
    0xff, 0xff, 0xff, 0xff, 0xff, 0xff, 0xff, 0xff,
    0xff, 0xe0, 0x0, 0x0, 0xfe, 0x0, 0x0, 0xf,
    0xc0, 0x0, 0x1, 0xfc, 0x0, 0x0, 0x1f, 0x80,
    0x0, 0x3, 0xf0, 0x0, 0x0, 0x3f, 0x0, 0x0,
    0x7, 0xe0, 0x0, 0x0, 0xfe, 0x0, 0x0, 0xf,
    0xc0, 0x0, 0x1, 0xfc, 0x0, 0x0, 0x1f, 0x80,
    0x0, 0x1, 0xf8, 0x0, 0x0, 0x3f, 0x0, 0x0,
    0x3, 0xf0, 0x0, 0x0, 0x7f, 0x0, 0x0, 0x7,
    0xe0, 0x0, 0x0, 0x7e, 0x0, 0x0, 0xf, 0xe0,
    0x0, 0x0, 0xfc, 0x0, 0x0, 0x1f, 0xc0, 0x0,
    0x1, 0xfc, 0x0, 0x0, 0x1f, 0x80, 0x0, 0x1,
    0xf8, 0x0, 0x0, 0x3f, 0x80, 0x0, 0x3, 0xf8,
    0x0, 0x0, 0x3f, 0x80, 0x0, 0x3, 0xf0, 0x0,
    0x0, 0x7f, 0x0, 0x0, 0x7, 0xf0, 0x0, 0x0,
    0x7f, 0x0, 0x0, 0x7, 0xf0, 0x0, 0x0, 0x7f,
    0x0, 0x0, 0x7, 0xf0, 0x0, 0x0, 0x7e, 0x0,
    0x0, 0xf, 0xe0, 0x0, 0x0, 0xfe, 0x0, 0x0,
    0xf, 0xe0, 0x0, 0x0, 0xfe, 0x0, 0x0, 0xf,
    0xe0, 0x0, 0x0, 0xfe, 0x0, 0x0, 0xf, 0xe0,
    0x0, 0x0, 0xfe, 0x0, 0x0, 0xf, 0xe0, 0x0,
    0x0, 0xfe, 0x0, 0x0, 0xf, 0xe0, 0x0,

    /* U+0038 "8" */
    0x0, 0x1f, 0xe0, 0x0, 0xf, 0xff, 0x80, 0x1,
    0xff, 0xfc, 0x0, 0x7f, 0xff, 0xf0, 0x7, 0xff,
    0xff, 0x0, 0xff, 0x7, 0xf8, 0x1f, 0xc0, 0x3f,
    0xc1, 0xf8, 0x1, 0xfc, 0x3f, 0x80, 0xf, 0xc3,
    0xf0, 0x0, 0xfe, 0x3f, 0x0, 0x7, 0xe3, 0xf0,
    0x0, 0x7e, 0x3f, 0x0, 0x7, 0xe3, 0xf0, 0x0,
    0x7e, 0x3f, 0x0, 0x7, 0xe3, 0xf0, 0x0, 0x7e,
    0x1f, 0x80, 0x7, 0xc1, 0xf8, 0x0, 0xfc, 0x1f,
    0xc0, 0xf, 0xc0, 0xfe, 0x1, 0xf8, 0x7, 0xf0,
    0x1f, 0x80, 0x7f, 0x83, 0xf0, 0x3, 0xfe, 0x3e,
    0x0, 0x1f, 0xff, 0xe0, 0x0, 0xff, 0xfc, 0x0,
    0x1f, 0xff, 0x80, 0x3, 0xff, 0xfc, 0x0, 0x7e,
    0xff, 0xe0, 0xf, 0xc3, 0xff, 0x1, 0xf8, 0xf,
    0xf8, 0x3f, 0x0, 0x7f, 0xc3, 0xf0, 0x3, 0xfc,
    0x7e, 0x0, 0x1f, 0xe7, 0xe0, 0x0, 0xfe, 0xfc,
    0x0, 0xf, 0xef, 0xc0, 0x0, 0xff, 0xfc, 0x0,
    0x7, 0xff, 0xc0, 0x0, 0x7f, 0xfc, 0x0, 0x7,
    0xff, 0xc0, 0x0, 0x7f, 0xfc, 0x0, 0x7, 0xff,
    0xc0, 0x0, 0x7f, 0xfe, 0x0, 0xf, 0xf7, 0xe0,
    0x0, 0xfe, 0x7f, 0x0, 0x1f, 0xe3, 0xf8, 0x1,
    0xfc, 0x3f, 0xe0, 0x7f, 0xc1, 0xff, 0xff, 0xf8,
    0xf, 0xff, 0xff, 0x0, 0x7f, 0xff, 0xe0, 0x1,
    0xff, 0xf8, 0x0, 0x3, 0xfe, 0x0,

    /* U+0039 "9" */
    0x0, 0x7f, 0x0, 0x0, 0x3f, 0xf8, 0x0, 0xf,
    0xff, 0xc0, 0x3, 0xff, 0xfc, 0x0, 0xff, 0xff,
    0xc0, 0x3f, 0xc3, 0xf8, 0xf, 0xe0, 0x1f, 0x81,
    0xf8, 0x1, 0xf8, 0x7f, 0x0, 0x3f, 0xf, 0xc0,
    0x3, 0xf1, 0xf8, 0x0, 0x7e, 0x7f, 0x0, 0x7,
    0xcf, 0xc0, 0x0, 0xfd, 0xf8, 0x0, 0x1f, 0xbf,
    0x0, 0x1, 0xf7, 0xe0, 0x0, 0x3e, 0xfc, 0x0,
    0x7, 0xdf, 0x80, 0x0, 0xff, 0xf0, 0x0, 0x1f,
    0xfe, 0x0, 0x3, 0xff, 0xc0, 0x0, 0x7f, 0xfc,
    0x0, 0xf, 0xdf, 0x80, 0x3, 0xfb, 0xf0, 0x0,
    0xff, 0x7f, 0x0, 0x3f, 0xe7, 0xf0, 0xf, 0xfc,
    0xff, 0x7, 0xff, 0x8f, 0xff, 0xfb, 0xf0, 0xff,
    0xfe, 0x7e, 0xf, 0xff, 0x8f, 0xc0, 0xff, 0xe1,
    0xf8, 0x7, 0xe0, 0x3f, 0x0, 0x0, 0x7, 0xe0,
    0x0, 0x0, 0xf8, 0x0, 0x0, 0x3f, 0x0, 0x0,
    0x7, 0xe0, 0x0, 0x0, 0xfc, 0x0, 0x0, 0x1f,
    0x80, 0x0, 0x3, 0xe0, 0x0, 0x0, 0xfc, 0x0,
    0x0, 0x1f, 0x80, 0x0, 0x7, 0xe0, 0x0, 0x0,
    0xfc, 0x0, 0x0, 0x3f, 0x1, 0x80, 0xf, 0xe0,
    0x78, 0x3, 0xf8, 0x1f, 0xc1, 0xff, 0x3, 0xff,
    0xff, 0xc0, 0x3f, 0xff, 0xf0, 0x3, 0xff, 0xfc,
    0x0, 0x1f, 0xfe, 0x0, 0x0, 0xfe, 0x0, 0x0,

    /* U+003A ":" */
    0x3e, 0x3f, 0xbf, 0xff, 0xff, 0xff, 0xff, 0xfe,
    0xfe, 0x3e, 0x0, 0x0, 0x0, 0x0, 0x0, 0x0,
    0x0, 0x0, 0x0, 0x0, 0x0, 0x0, 0x0, 0x0,
    0x0, 0x0, 0x0, 0x0, 0x0, 0x0, 0x0, 0x0,
    0x1, 0xf1, 0xfd, 0xff, 0xff, 0xff, 0xff, 0xff,
    0xf7, 0xf1, 0xf0,

    /* U+003B ";" */
    0xf, 0x81, 0xfc, 0x3f, 0xe3, 0xfe, 0x3f, 0xe3,
    0xfe, 0x3f, 0xe1, 0xfc, 0xf, 0x80, 0x0, 0x0,
    0x0, 0x0, 0x0, 0x0, 0x0, 0x0, 0x0, 0x0,
    0x0, 0x0, 0x0, 0x0, 0x0, 0x0, 0x0, 0x0,
    0x0, 0x0, 0x0, 0x0, 0x0, 0x0, 0x0, 0x0,
    0x0, 0x0, 0xf, 0x81, 0xfc, 0x3f, 0xe3, 0xfe,
    0x3f, 0xf3, 0xff, 0x3f, 0xf1, 0xff, 0xf, 0xf0,
    0x1f, 0x1, 0xf0, 0x1f, 0x3, 0xe0, 0x3e, 0x7,
    0xc0, 0xfc, 0x1f, 0x83, 0xf0, 0xfe, 0x7, 0xc0,
    0x78, 0x2, 0x0,

    /* U+003C "<" */
    0x0, 0x0, 0x0, 0x2, 0x0, 0x0, 0x0, 0x3c,
    0x0, 0x0, 0x1, 0xf8, 0x0, 0x0, 0x1f, 0xf0,
    0x0, 0x0, 0xff, 0xe0, 0x0, 0xf, 0xff, 0xc0,
    0x0, 0x7f, 0xfc, 0x0, 0x7, 0xff, 0xe0, 0x0,
    0x3f, 0xfe, 0x0, 0x3, 0xff, 0xe0, 0x0, 0x1f,
    0xfe, 0x0, 0x1, 0xff, 0xf0, 0x0, 0xf, 0xff,
    0x0, 0x0, 0x1f, 0xf0, 0x0, 0x0, 0x3f, 0x80,
    0x0, 0x0, 0x7e, 0x0, 0x0, 0x0, 0xff, 0x80,
    0x0, 0x1, 0xff, 0xe0, 0x0, 0x0, 0xff, 0xf8,
    0x0, 0x0, 0x3f, 0xfe, 0x0, 0x0, 0x1f, 0xff,
    0x0, 0x0, 0x7, 0xff, 0xc0, 0x0, 0x3, 0xff,
    0xf0, 0x0, 0x0, 0xff, 0xf8, 0x0, 0x0, 0x7f,
    0xfe, 0x0, 0x0, 0x1f, 0xfc, 0x0, 0x0, 0xf,
    0xf8, 0x0, 0x0, 0x7, 0xf0, 0x0, 0x0, 0x1,
    0xe0, 0x0, 0x0, 0x0, 0xc0,

    /* U+003D "=" */
    0xff, 0xff, 0xff, 0xff, 0xff, 0xff, 0xff, 0xff,
    0xff, 0xff, 0xff, 0xff, 0xff, 0xff, 0xff, 0xff,
    0xff, 0xff, 0xff, 0xe0, 0x0, 0x0, 0x0, 0x0,
    0x0, 0x0, 0x0, 0x0, 0x0, 0x0, 0x0, 0x0,
    0x0, 0x0, 0x0, 0x0, 0x0, 0x0, 0x0, 0x0,
    0x0, 0x0, 0x0, 0x0, 0x0, 0x0, 0x0, 0x0,
    0x0, 0x0, 0x0, 0x0, 0x0, 0x0, 0x0, 0x0,
    0x0, 0x0, 0x0, 0x0, 0x0, 0x0, 0x0, 0x0,
    0x0, 0x1, 0xff, 0xff, 0xff, 0xff, 0xff, 0xff,
    0xff, 0xff, 0xff, 0xff, 0xff, 0xff, 0xff, 0xff,
    0xff, 0xff, 0xff, 0xff, 0xff, 0xc0,

    /* U+003E ">" */
    0x80, 0x0, 0x0, 0x1, 0xc0, 0x0, 0x0, 0x3,
    0xf0, 0x0, 0x0, 0x7, 0xf8, 0x0, 0x0, 0xf,
    0xfe, 0x0, 0x0, 0x1f, 0xff, 0x0, 0x0, 0xf,
    0xff, 0xc0, 0x0, 0x3, 0xff, 0xe0, 0x0, 0x0,
    0xff, 0xf8, 0x0, 0x0, 0x7f, 0xfc, 0x0, 0x0,
    0x1f, 0xff, 0x0, 0x0, 0x7, 0xff, 0x80, 0x0,
    0x3, 0xff, 0xe0, 0x0, 0x0, 0xff, 0xc0, 0x0,
    0x0, 0x3f, 0x80, 0x0, 0x0, 0x7f, 0x0, 0x0,
    0x7, 0xfe, 0x0, 0x0, 0x7f, 0xfc, 0x0, 0x3,
    0xff, 0xc0, 0x0, 0x3f, 0xfe, 0x0, 0x3, 0xff,
    0xe0, 0x0, 0x1f, 0xff, 0x0, 0x1, 0xff, 0xf0,
    0x0, 0x1f, 0xff, 0x80, 0x0, 0xff, 0xf8, 0x0,
    0x1, 0xff, 0xc0, 0x0, 0x3, 0xfc, 0x0, 0x0,
    0x7, 0xe0, 0x0, 0x0, 0xf, 0x0, 0x0, 0x0,
    0x10, 0x0, 0x0, 0x0, 0x0,

    /* U+003F "?" */
    0x0, 0xff, 0x0, 0x3, 0xff, 0xe0, 0xf, 0xff,
    0xf0, 0x1f, 0xff, 0xf8, 0x3f, 0xff, 0xfc, 0x7f,
    0x83, 0xfc, 0x7e, 0x1, 0xfe, 0x3c, 0x0, 0xfe,
    0x18, 0x0, 0xff, 0x0, 0x0, 0x7f, 0x0, 0x0,
    0x7f, 0x0, 0x0, 0x7f, 0x0, 0x0, 0x7f, 0x0,
    0x0, 0x7f, 0x0, 0x0, 0x7f, 0x0, 0x0, 0x7f,
    0x0, 0x0, 0xfe, 0x0, 0x0, 0xfe, 0x0, 0x1,
    0xfe, 0x0, 0x1, 0xfc, 0x0, 0x3, 0xfc, 0x0,
    0x3, 0xf8, 0x0, 0x7, 0xf0, 0x0, 0xf, 0xf0,
    0x0, 0xf, 0xe0, 0x0, 0x1f, 0xc0, 0x0, 0x1f,
    0xc0, 0x0, 0x3f, 0x80, 0x0, 0x3f, 0x0, 0x0,
    0x7f, 0x0, 0x0, 0x7e, 0x0, 0x0, 0x7e, 0x0,
    0x0, 0x7e, 0x0, 0x0, 0xfc, 0x0, 0x0, 0xfc,
    0x0, 0x0, 0xfc, 0x0, 0x0, 0xfc, 0x0, 0x0,
    0xfc, 0x0, 0x0, 0x0, 0x0, 0x0, 0x0, 0x0,
    0x0, 0x0, 0x0, 0x0, 0x0, 0x0, 0x0, 0x0,
    0x0, 0x0, 0x0, 0x0, 0x0, 0x0, 0x0, 0x0,
    0x7c, 0x0, 0x0, 0xfe, 0x0, 0x1, 0xff, 0x0,
    0x1, 0xff, 0x0, 0x1, 0xff, 0x0, 0x1, 0xff,
    0x0, 0x1, 0xff, 0x0, 0x0, 0xfe, 0x0, 0x0,
    0x7c, 0x0,

    /* U+0040 "@" */
    0x0, 0x3, 0xf8, 0x0, 0x0, 0x7f, 0xf8, 0x0,
    0x7, 0xff, 0xf8, 0x0, 0x3f, 0xff, 0xf0, 0x1,
    0xff, 0xff, 0xc0, 0xf, 0xf8, 0x3f, 0x80, 0x7f,
    0x80, 0x3f, 0x1, 0xf8, 0x0, 0x7c, 0xf, 0xc0,
    0x0, 0xf0, 0x3f, 0x0, 0x3, 0xe1, 0xf8, 0x0,
    0x7, 0x87, 0xc0, 0x0, 0x1e, 0x3f, 0x0, 0x0,
    0x78, 0xf8, 0x0, 0x0, 0xf3, 0xe0, 0x0, 0x3,
    0xdf, 0x80, 0x0, 0xf, 0x7c, 0x0, 0x0, 0x3d,
    0xf0, 0x0, 0x0, 0xf7, 0xc0, 0x0, 0x3, 0xdf,
    0x0, 0x0, 0xf, 0x7c, 0x0, 0x3, 0xff, 0xe0,
    0x0, 0x7f, 0xff, 0x80, 0x7, 0xff, 0xfe, 0x0,
    0x3f, 0xff, 0xf8, 0x1, 0xfe, 0x3f, 0xe0, 0xf,
    0xc0, 0xff, 0x80, 0x7e, 0x3, 0xfe, 0x3, 0xf0,
    0xf, 0xf8, 0xf, 0x80, 0x3f, 0xe0, 0x3e, 0x0,
    0xff, 0x81, 0xf0, 0x3, 0xfe, 0x7, 0xc0, 0xf,
    0xf8, 0x1f, 0x0, 0x3f, 0xe0, 0x7c, 0x0, 0xff,
    0x81, 0xf0, 0x7, 0xfe, 0x7, 0xc0, 0x1f, 0xf8,
    0x1f, 0x80, 0xff, 0xe0, 0x7f, 0xf, 0x7f, 0x80,
    0xff, 0xfd, 0xff, 0x3, 0xff, 0xe7, 0x7c, 0x7,
    0xff, 0x1d, 0xf0, 0xf, 0xf8, 0x77, 0xc0, 0xf,
    0x80, 0x1f, 0x0, 0x0, 0x0, 0x7e, 0x0, 0x0,
    0x0, 0xf8, 0x0, 0x0, 0x3, 0xe0, 0x0, 0x0,
    0xf, 0xc0, 0x0, 0x0, 0x1f, 0x0, 0x0, 0x0,
    0x7c, 0x0, 0x0, 0x1, 0xf8, 0x0, 0x0, 0x3,
    0xf0, 0x0, 0x0, 0xf, 0xc0, 0x0, 0x0, 0x1f,
    0xc0, 0x1, 0x80, 0x3f, 0x80, 0xe, 0x0, 0xff,
    0x80, 0xfc, 0x1, 0xff, 0xff, 0xf0, 0x3, 0xff,
    0xff, 0x80, 0x3, 0xff, 0xf8, 0x0, 0x7, 0xff,
    0xc0, 0x0, 0x3, 0xfc, 0x0,

    /* U+0041 "A" */
    0x0, 0xf, 0xf8, 0x0, 0x0, 0x7, 0xfc, 0x0,
    0x0, 0x3, 0xfe, 0x0, 0x0, 0x3, 0xff, 0x80,
    0x0, 0x1, 0xff, 0xc0, 0x0, 0x0, 0xfb, 0xe0,
    0x0, 0x0, 0x7d, 0xf0, 0x0, 0x0, 0x7e, 0xfc,
    0x0, 0x0, 0x3f, 0x7e, 0x0, 0x0, 0x1f, 0xbf,
    0x0, 0x0, 0xf, 0x8f, 0x80, 0x0, 0x7, 0xc7,
    0xc0, 0x0, 0x7, 0xe3, 0xf0, 0x0, 0x3, 0xf1,
    0xf8, 0x0, 0x1, 0xf8, 0xfc, 0x0, 0x0, 0xf8,
    0x3e, 0x0, 0x0, 0xfc, 0x1f, 0x80, 0x0, 0x7e,
    0xf, 0xc0, 0x0, 0x3f, 0x7, 0xe0, 0x0, 0x1f,
    0x83, 0xf0, 0x0, 0x1f, 0x80, 0xf8, 0x0, 0xf,
    0xc0, 0x7e, 0x0, 0x7, 0xe0, 0x3f, 0x0, 0x3,
    0xf0, 0x1f, 0x80, 0x1, 0xf0, 0xf, 0xc0, 0x1,
    0xf8, 0x3, 0xf0, 0x0, 0xfc, 0x1, 0xf8, 0x0,
    0x7e, 0x0, 0xfc, 0x0, 0x3f, 0x0, 0x7e, 0x0,
    0x3f, 0x0, 0x3f, 0x80, 0x1f, 0x80, 0xf, 0xc0,
    0xf, 0xff, 0xff, 0xe0, 0x7, 0xff, 0xff, 0xf0,
    0x3, 0xff, 0xff, 0xf8, 0x3, 0xff, 0xff, 0xfe,
    0x1, 0xff, 0xff, 0xff, 0x0, 0xfc, 0x0, 0x1f,
    0x80, 0x7e, 0x0, 0xf, 0xc0, 0x7e, 0x0, 0x7,
    0xf0, 0x3f, 0x0, 0x1, 0xf8, 0x1f, 0x80, 0x0,
    0xfc, 0xf, 0xc0, 0x0, 0x7e, 0xf, 0xe0, 0x0,
    0x3f, 0x7, 0xe0, 0x0, 0xf, 0xc3, 0xf0, 0x0,
    0x7, 0xe1, 0xf8, 0x0, 0x3, 0xf0, 0xfc, 0x0,
    0x1, 0xf8, 0xfc, 0x0, 0x0, 0xfe, 0x7e, 0x0,
    0x0, 0x3f, 0x3f, 0x0, 0x0, 0x1f, 0x9f, 0x80,
    0x0, 0xf, 0xdf, 0xc0, 0x0, 0x7, 0xf0,

    /* U+0042 "B" */
    0xff, 0xfe, 0x0, 0x1f, 0xff, 0xfc, 0x3, 0xff,
    0xff, 0xe0, 0x7f, 0xff, 0xfe, 0xf, 0xff, 0xff,
    0xe1, 0xfc, 0x7, 0xfc, 0x3f, 0x80, 0x3f, 0xc7,
    0xf0, 0x3, 0xf8, 0xfe, 0x0, 0x7f, 0x9f, 0xc0,
    0x7, 0xf3, 0xf8, 0x0, 0xfe, 0x7f, 0x0, 0x1f,
    0xcf, 0xe0, 0x3, 0xf9, 0xfc, 0x0, 0x7f, 0x3f,
    0x80, 0xf, 0xe7, 0xf0, 0x1, 0xfc, 0xfe, 0x0,
    0x7f, 0x1f, 0xc0, 0xf, 0xe3, 0xf8, 0x3, 0xf8,
    0x7f, 0x0, 0xff, 0xf, 0xe0, 0x7f, 0xc1, 0xff,
    0xff, 0xe0, 0x3f, 0xff, 0xf0, 0x7, 0xff, 0xfe,
    0x0, 0xff, 0xff, 0xf8, 0x1f, 0xff, 0xff, 0xc3,
    0xf8, 0xf, 0xfc, 0x7f, 0x0, 0x3f, 0xcf, 0xe0,
    0x3, 0xf9, 0xfc, 0x0, 0x3f, 0xbf, 0x80, 0x7,
    0xf7, 0xf0, 0x0, 0xff, 0xfe, 0x0, 0xf, 0xff,
    0xc0, 0x1, 0xff, 0xf8, 0x0, 0x3f, 0xff, 0x0,
    0x7, 0xff, 0xe0, 0x0, 0xff, 0xfc, 0x0, 0x1f,
    0xff, 0x80, 0x3, 0xff, 0xf0, 0x0, 0x7f, 0xfe,
    0x0, 0x1f, 0xdf, 0xc0, 0x3, 0xfb, 0xf8, 0x0,
    0xff, 0x7f, 0x0, 0x3f, 0xcf, 0xe0, 0xf, 0xf9,
    0xfc, 0x7, 0xfe, 0x3f, 0xff, 0xff, 0x87, 0xff,
    0xff, 0xe0, 0xff, 0xff, 0xf8, 0x1f, 0xff, 0xfc,
    0x3, 0xff, 0xfc, 0x0, 0x0,

    /* U+0043 "C" */
    0x0, 0x3, 0xfc, 0x0, 0x0, 0x7f, 0xfc, 0x0,
    0x7, 0xff, 0xfc, 0x0, 0x3f, 0xff, 0xfc, 0x1,
    0xff, 0xff, 0xf8, 0xf, 0xfc, 0x1f, 0xe0, 0x7f,
    0xc0, 0x1f, 0x1, 0xfc, 0x0, 0x38, 0xf, 0xe0,
    0x0, 0x40, 0x7f, 0x80, 0x0, 0x1, 0xfc, 0x0,
    0x0, 0xf, 0xf0, 0x0, 0x0, 0x3f, 0x80, 0x0,
    0x0, 0xfe, 0x0, 0x0, 0x7, 0xf0, 0x0, 0x0,
    0x1f, 0xc0, 0x0, 0x0, 0x7f, 0x0, 0x0, 0x1,
    0xfc, 0x0, 0x0, 0x7, 0xf0, 0x0, 0x0, 0x3f,
    0x80, 0x0, 0x0, 0xfe, 0x0, 0x0, 0x3, 0xf8,
    0x0, 0x0, 0xf, 0xe0, 0x0, 0x0, 0x3f, 0x80,
    0x0, 0x0, 0xfe, 0x0, 0x0, 0x3, 0xf8, 0x0,
    0x0, 0xf, 0xe0, 0x0, 0x0, 0x3f, 0x80, 0x0,
    0x0, 0xfe, 0x0, 0x0, 0x3, 0xf8, 0x0, 0x0,
    0xf, 0xe0, 0x0, 0x0, 0x3f, 0x80, 0x0, 0x0,
    0xfe, 0x0, 0x0, 0x3, 0xf8, 0x0, 0x0, 0x7,
    0xf0, 0x0, 0x0, 0x1f, 0xc0, 0x0, 0x0, 0x7f,
    0x0, 0x0, 0x1, 0xfc, 0x0, 0x0, 0x7, 0xf0,
    0x0, 0x0, 0xf, 0xe0, 0x0, 0x0, 0x3f, 0x80,
    0x0, 0x0, 0xff, 0x0, 0x0, 0x1, 0xfc, 0x0,
    0x0, 0x7, 0xf8, 0x0, 0x0, 0xf, 0xe0, 0x0,
    0x60, 0x3f, 0xc0, 0x3, 0xc0, 0x7f, 0xc0, 0x1f,
    0x80, 0xff, 0xc1, 0xff, 0x1, 0xff, 0xff, 0xf8,
    0x3, 0xff, 0xff, 0xc0, 0x7, 0xff, 0xfc, 0x0,
    0x7, 0xff, 0xc0, 0x0, 0x3, 0xfc, 0x0,

    /* U+0044 "D" */
    0xff, 0xf8, 0x0, 0xf, 0xff, 0xf0, 0x0, 0xff,
    0xff, 0xc0, 0xf, 0xff, 0xff, 0x0, 0xff, 0xff,
    0xf8, 0xf, 0xe0, 0x7f, 0xc0, 0xfe, 0x1, 0xfe,
    0xf, 0xe0, 0xf, 0xf0, 0xfe, 0x0, 0x7f, 0xf,
    0xe0, 0x3, 0xf8, 0xfe, 0x0, 0x3f, 0x8f, 0xe0,
    0x1, 0xfc, 0xfe, 0x0, 0x1f, 0xcf, 0xe0, 0x1,
    0xfc, 0xfe, 0x0, 0xf, 0xef, 0xe0, 0x0, 0xfe,
    0xfe, 0x0, 0xf, 0xef, 0xe0, 0x0, 0xfe, 0xfe,
    0x0, 0x7, 0xff, 0xe0, 0x0, 0x7f, 0xfe, 0x0,
    0x7, 0xff, 0xe0, 0x0, 0x7f, 0xfe, 0x0, 0x7,
    0xff, 0xe0, 0x0, 0x7f, 0xfe, 0x0, 0x7, 0xff,
    0xe0, 0x0, 0x7f, 0xfe, 0x0, 0x7, 0xff, 0xe0,
    0x0, 0x7f, 0xfe, 0x0, 0x7, 0xff, 0xe0, 0x0,
    0x7f, 0xfe, 0x0, 0x7, 0xff, 0xe0, 0x0, 0x7f,
    0xfe, 0x0, 0x7, 0xef, 0xe0, 0x0, 0xfe, 0xfe,
    0x0, 0xf, 0xef, 0xe0, 0x0, 0xfe, 0xfe, 0x0,
    0xf, 0xef, 0xe0, 0x1, 0xfc, 0xfe, 0x0, 0x1f,
    0xcf, 0xe0, 0x1, 0xfc, 0xfe, 0x0, 0x3f, 0x8f,
    0xe0, 0x3, 0xf8, 0xfe, 0x0, 0x7f, 0xf, 0xe0,
    0xf, 0xe0, 0xfe, 0x1, 0xfe, 0xf, 0xe0, 0x7f,
    0xc0, 0xff, 0xff, 0xf8, 0xf, 0xff, 0xff, 0x0,
    0xff, 0xff, 0xc0, 0xf, 0xff, 0xf0, 0x0, 0xff,
    0xf8, 0x0, 0x0,

    /* U+0045 "E" */
    0xff, 0xff, 0xff, 0xff, 0xff, 0xff, 0xff, 0xff,
    0xff, 0xff, 0xff, 0xff, 0xff, 0xff, 0xff, 0xff,
    0xf0, 0x0, 0x3, 0xf8, 0x0, 0x1, 0xfc, 0x0,
    0x0, 0xfe, 0x0, 0x0, 0x7f, 0x0, 0x0, 0x3f,
    0x80, 0x0, 0x1f, 0xc0, 0x0, 0xf, 0xe0, 0x0,
    0x7, 0xf0, 0x0, 0x3, 0xf8, 0x0, 0x1, 0xfc,
    0x0, 0x0, 0xfe, 0x0, 0x0, 0x7f, 0x0, 0x0,
    0x3f, 0x80, 0x0, 0x1f, 0xc0, 0x0, 0xf, 0xe0,
    0x0, 0x7, 0xff, 0xff, 0xe3, 0xff, 0xff, 0xf1,
    0xff, 0xff, 0xf8, 0xff, 0xff, 0xfc, 0x7f, 0xff,
    0xfe, 0x3f, 0x80, 0x0, 0x1f, 0xc0, 0x0, 0xf,
    0xe0, 0x0, 0x7, 0xf0, 0x0, 0x3, 0xf8, 0x0,
    0x1, 0xfc, 0x0, 0x0, 0xfe, 0x0, 0x0, 0x7f,
    0x0, 0x0, 0x3f, 0x80, 0x0, 0x1f, 0xc0, 0x0,
    0xf, 0xe0, 0x0, 0x7, 0xf0, 0x0, 0x3, 0xf8,
    0x0, 0x1, 0xfc, 0x0, 0x0, 0xfe, 0x0, 0x0,
    0x7f, 0x0, 0x0, 0x3f, 0x80, 0x0, 0x1f, 0xc0,
    0x0, 0xf, 0xe0, 0x0, 0x7, 0xf0, 0x0, 0x3,
    0xff, 0xff, 0xff, 0xff, 0xff, 0xff, 0xff, 0xff,
    0xff, 0xff, 0xff, 0xff, 0xff, 0xff, 0xff, 0xe0,

    /* U+0046 "F" */
    0xff, 0xff, 0xff, 0xff, 0xff, 0xff, 0xff, 0xff,
    0xff, 0xff, 0xff, 0xff, 0xff, 0xff, 0xff, 0xfe,
    0x0, 0x0, 0xfe, 0x0, 0x0, 0xfe, 0x0, 0x0,
    0xfe, 0x0, 0x0, 0xfe, 0x0, 0x0, 0xfe, 0x0,
    0x0, 0xfe, 0x0, 0x0, 0xfe, 0x0, 0x0, 0xfe,
    0x0, 0x0, 0xfe, 0x0, 0x0, 0xfe, 0x0, 0x0,
    0xfe, 0x0, 0x0, 0xfe, 0x0, 0x0, 0xfe, 0x0,
    0x0, 0xfe, 0x0, 0x0, 0xfe, 0x0, 0x0, 0xfe,
    0x0, 0x0, 0xfe, 0x0, 0x0, 0xff, 0xff, 0xfc,
    0xff, 0xff, 0xfc, 0xff, 0xff, 0xfc, 0xff, 0xff,
    0xfc, 0xff, 0xff, 0xfc, 0xfe, 0x0, 0x0, 0xfe,
    0x0, 0x0, 0xfe, 0x0, 0x0, 0xfe, 0x0, 0x0,
    0xfe, 0x0, 0x0, 0xfe, 0x0, 0x0, 0xfe, 0x0,
    0x0, 0xfe, 0x0, 0x0, 0xfe, 0x0, 0x0, 0xfe,
    0x0, 0x0, 0xfe, 0x0, 0x0, 0xfe, 0x0, 0x0,
    0xfe, 0x0, 0x0, 0xfe, 0x0, 0x0, 0xfe, 0x0,
    0x0, 0xfe, 0x0, 0x0, 0xfe, 0x0, 0x0, 0xfe,
    0x0, 0x0, 0xfe, 0x0, 0x0, 0xfe, 0x0, 0x0,
    0xfe, 0x0, 0x0, 0xfe, 0x0, 0x0, 0xfe, 0x0,
    0x0,

    /* U+0047 "G" */
    0x0, 0x3, 0xfc, 0x0, 0x0, 0xff, 0xf8, 0x0,
    0xf, 0xff, 0xe0, 0x1, 0xff, 0xff, 0xc0, 0x1f,
    0xff, 0xff, 0x1, 0xff, 0x7, 0xfc, 0x1f, 0xe0,
    0xf, 0xc0, 0xfe, 0x0, 0x3c, 0xf, 0xe0, 0x0,
    0xc0, 0x7f, 0x0, 0x0, 0x7, 0xf0, 0x0, 0x0,
    0x3f, 0x80, 0x0, 0x3, 0xf8, 0x0, 0x0, 0x1f,
    0xc0, 0x0, 0x0, 0xfc, 0x0, 0x0, 0xf, 0xe0,
    0x0, 0x0, 0x7f, 0x0, 0x0, 0x3, 0xf8, 0x0,
    0x0, 0x1f, 0xc0, 0x0, 0x1, 0xfc, 0x0, 0x0,
    0xf, 0xe0, 0x0, 0x0, 0x7f, 0x0, 0x0, 0x3,
    0xf8, 0x0, 0x0, 0x1f, 0xc0, 0x0, 0x0, 0xfe,
    0x0, 0x0, 0x7, 0xf0, 0x0, 0x0, 0x3f, 0x80,
    0x3f, 0xff, 0xfc, 0x1, 0xff, 0xff, 0xe0, 0xf,
    0xff, 0xff, 0x0, 0x7f, 0xff, 0xf8, 0x3, 0xff,
    0xff, 0xc0, 0x0, 0x3f, 0xfe, 0x0, 0x1, 0xff,
    0xf0, 0x0, 0xf, 0xdf, 0xc0, 0x0, 0x7e, 0xfe,
    0x0, 0x3, 0xf7, 0xf0, 0x0, 0x1f, 0xbf, 0x80,
    0x0, 0xfd, 0xfc, 0x0, 0x7, 0xe7, 0xf0, 0x0,
    0x3f, 0x3f, 0x80, 0x1, 0xf8, 0xfc, 0x0, 0xf,
    0xc7, 0xf0, 0x0, 0x7e, 0x3f, 0x80, 0x3, 0xf0,
    0xfe, 0x0, 0x1f, 0x83, 0xf8, 0x0, 0xfc, 0x1f,
    0xe0, 0xf, 0xe0, 0x7f, 0xc1, 0xff, 0x1, 0xff,
    0xff, 0xf8, 0x7, 0xff, 0xff, 0x80, 0x1f, 0xff,
    0xf0, 0x0, 0x3f, 0xfe, 0x0, 0x0, 0x7f, 0x80,
    0x0,

    /* U+0048 "H" */
    0xfe, 0x0, 0xf, 0xff, 0xc0, 0x1, 0xff, 0xf8,
    0x0, 0x3f, 0xff, 0x0, 0x7, 0xff, 0xe0, 0x0,
    0xff, 0xfc, 0x0, 0x1f, 0xff, 0x80, 0x3, 0xff,
    0xf0, 0x0, 0x7f, 0xfe, 0x0, 0xf, 0xff, 0xc0,
    0x1, 0xff, 0xf8, 0x0, 0x3f, 0xff, 0x0, 0x7,
    0xff, 0xe0, 0x0, 0xff, 0xfc, 0x0, 0x1f, 0xff,
    0x80, 0x3, 0xff, 0xf0, 0x0, 0x7f, 0xfe, 0x0,
    0xf, 0xff, 0xc0, 0x1, 0xff, 0xf8, 0x0, 0x3f,
    0xff, 0x0, 0x7, 0xff, 0xe0, 0x0, 0xff, 0xff,
    0xff, 0xff, 0xff, 0xff, 0xff, 0xff, 0xff, 0xff,
    0xff, 0xff, 0xff, 0xff, 0xff, 0xff, 0xff, 0xff,
    0xf8, 0x0, 0x3f, 0xff, 0x0, 0x7, 0xff, 0xe0,
    0x0, 0xff, 0xfc, 0x0, 0x1f, 0xff, 0x80, 0x3,
    0xff, 0xf0, 0x0, 0x7f, 0xfe, 0x0, 0xf, 0xff,
    0xc0, 0x1, 0xff, 0xf8, 0x0, 0x3f, 0xff, 0x0,
    0x7, 0xff, 0xe0, 0x0, 0xff, 0xfc, 0x0, 0x1f,
    0xff, 0x80, 0x3, 0xff, 0xf0, 0x0, 0x7f, 0xfe,
    0x0, 0xf, 0xff, 0xc0, 0x1, 0xff, 0xf8, 0x0,
    0x3f, 0xff, 0x0, 0x7, 0xff, 0xe0, 0x0, 0xff,
    0xfc, 0x0, 0x1f, 0xff, 0x80, 0x3, 0xff, 0xf0,
    0x0, 0x7f, 0xfe, 0x0, 0xf, 0xff, 0xc0, 0x1,
    0xff, 0xf8, 0x0, 0x3f, 0x80,

    /* U+0049 "I" */
    0xff, 0xff, 0xff, 0xff, 0xff, 0xff, 0xff, 0xff,
    0xff, 0xff, 0xff, 0xff, 0xff, 0xff, 0xff, 0xf8,
    0x3, 0xf8, 0x0, 0x1, 0xfc, 0x0, 0x0, 0xfe,
    0x0, 0x0, 0x7f, 0x0, 0x0, 0x3f, 0x80, 0x0,
    0x1f, 0xc0, 0x0, 0xf, 0xe0, 0x0, 0x7, 0xf0,
    0x0, 0x3, 0xf8, 0x0, 0x1, 0xfc, 0x0, 0x0,
    0xfe, 0x0, 0x0, 0x7f, 0x0, 0x0, 0x3f, 0x80,
    0x0, 0x1f, 0xc0, 0x0, 0xf, 0xe0, 0x0, 0x7,
    0xf0, 0x0, 0x3, 0xf8, 0x0, 0x1, 0xfc, 0x0,
    0x0, 0xfe, 0x0, 0x0, 0x7f, 0x0, 0x0, 0x3f,
    0x80, 0x0, 0x1f, 0xc0, 0x0, 0xf, 0xe0, 0x0,
    0x7, 0xf0, 0x0, 0x3, 0xf8, 0x0, 0x1, 0xfc,
    0x0, 0x0, 0xfe, 0x0, 0x0, 0x7f, 0x0, 0x0,
    0x3f, 0x80, 0x0, 0x1f, 0xc0, 0x0, 0xf, 0xe0,
    0x0, 0x7, 0xf0, 0x0, 0x3, 0xf8, 0x0, 0x1,
    0xfc, 0x0, 0x0, 0xfe, 0x0, 0x0, 0x7f, 0x0,
    0x0, 0x3f, 0x80, 0x0, 0x1f, 0xc0, 0x0, 0xf,
    0xe0, 0x0, 0x7, 0xf0, 0x0, 0x3, 0xf8, 0x3,
    0xff, 0xff, 0xff, 0xff, 0xff, 0xff, 0xff, 0xff,
    0xff, 0xff, 0xff, 0xff, 0xff, 0xff, 0xff, 0xe0,

    /* U+004A "J" */
    0x0, 0x0, 0x1f, 0xc0, 0x0, 0x7, 0xf0, 0x0,
    0x1, 0xfc, 0x0, 0x0, 0x7f, 0x0, 0x0, 0x1f,
    0xc0, 0x0, 0x7, 0xf0, 0x0, 0x1, 0xfc, 0x0,
    0x0, 0x7f, 0x0, 0x0, 0x1f, 0xc0, 0x0, 0x7,
    0xf0, 0x0, 0x1, 0xfc, 0x0, 0x0, 0x7f, 0x0,
    0x0, 0x1f, 0xc0, 0x0, 0x7, 0xf0, 0x0, 0x1,
    0xfc, 0x0, 0x0, 0x7f, 0x0, 0x0, 0x1f, 0xc0,
    0x0, 0x7, 0xf0, 0x0, 0x1, 0xfc, 0x0, 0x0,
    0x7f, 0x0, 0x0, 0x1f, 0xc0, 0x0, 0x7, 0xf0,
    0x0, 0x1, 0xfc, 0x0, 0x0, 0x7f, 0x0, 0x0,
    0x1f, 0xc0, 0x0, 0x7, 0xf0, 0x0, 0x1, 0xfc,
    0x0, 0x0, 0x7f, 0x0, 0x0, 0x1f, 0xc0, 0x0,
    0x7, 0xf0, 0x0, 0x1, 0xfc, 0x0, 0x0, 0x7f,
    0x0, 0x0, 0x1f, 0xc0, 0x0, 0x7, 0xf0, 0x0,
    0x1, 0xfc, 0x0, 0x0, 0x7f, 0x0, 0x0, 0x1f,
    0xc0, 0x0, 0x7, 0xf0, 0x0, 0x1, 0xfc, 0x0,
    0x0, 0x7f, 0x0, 0x0, 0x1f, 0xc0, 0x0, 0x7,
    0xf0, 0x0, 0x1, 0xfc, 0x60, 0x0, 0xfe, 0x3c,
    0x0, 0x3f, 0x9f, 0x0, 0x1f, 0xef, 0xf0, 0xf,
    0xf1, 0xfe, 0x7, 0xfc, 0x3f, 0xff, 0xfe, 0x7,
    0xff, 0xff, 0x0, 0xff, 0xff, 0x80, 0xf, 0xff,
    0xc0, 0x0, 0x7f, 0x80, 0x0,

    /* U+004B "K" */
    0xfe, 0x0, 0x7, 0xf3, 0xf8, 0x0, 0x3f, 0x8f,
    0xe0, 0x0, 0xfe, 0x3f, 0x80, 0x7, 0xf0, 0xfe,
    0x0, 0x1f, 0x83, 0xf8, 0x0, 0xfe, 0xf, 0xe0,
    0x3, 0xf0, 0x3f, 0x80, 0x1f, 0xc0, 0xfe, 0x0,
    0x7e, 0x3, 0xf8, 0x3, 0xf8, 0xf, 0xe0, 0xf,
    0xc0, 0x3f, 0x80, 0x7f, 0x0, 0xfe, 0x3, 0xf8,
    0x3, 0xf8, 0xf, 0xc0, 0xf, 0xe0, 0x7f, 0x0,
    0x3f, 0x81, 0xf8, 0x0, 0xfe, 0xf, 0xe0, 0x3,
    0xf8, 0x3f, 0x0, 0xf, 0xe1, 0xfc, 0x0, 0x3f,
    0x87, 0xe0, 0x0, 0xfe, 0x3f, 0xc0, 0x3, 0xf8,
    0xff, 0x0, 0xf, 0xe7, 0xfc, 0x0, 0x3f, 0xbf,
    0xf8, 0x0, 0xfe, 0xff, 0xe0, 0x3, 0xff, 0xff,
    0xc0, 0xf, 0xff, 0xbf, 0x0, 0x3f, 0xfc, 0xfc,
    0x0, 0xff, 0xe1, 0xf8, 0x3, 0xff, 0x87, 0xe0,
    0xf, 0xfc, 0x1f, 0xc0, 0x3f, 0xf0, 0x3f, 0x0,
    0xff, 0x80, 0xfc, 0x3, 0xfc, 0x3, 0xf8, 0xf,
    0xf0, 0x7, 0xe0, 0x3f, 0x80, 0x1f, 0xc0, 0xfe,
    0x0, 0x7f, 0x3, 0xf8, 0x0, 0xfc, 0xf, 0xe0,
    0x3, 0xf8, 0x3f, 0x80, 0x7, 0xe0, 0xfe, 0x0,
    0x1f, 0x83, 0xf8, 0x0, 0x7f, 0xf, 0xe0, 0x0,
    0xfc, 0x3f, 0x80, 0x3, 0xf8, 0xfe, 0x0, 0xf,
    0xe3, 0xf8, 0x0, 0x1f, 0x8f, 0xe0, 0x0, 0x7f,
    0x3f, 0x80, 0x0, 0xfc, 0xfe, 0x0, 0x3, 0xfb,
    0xf8, 0x0, 0xf, 0xef, 0xe0, 0x0, 0x1f, 0x80,

    /* U+004C "L" */
    0xfe, 0x0, 0x0, 0x7f, 0x0, 0x0, 0x3f, 0x80,
    0x0, 0x1f, 0xc0, 0x0, 0xf, 0xe0, 0x0, 0x7,
    0xf0, 0x0, 0x3, 0xf8, 0x0, 0x1, 0xfc, 0x0,
    0x0, 0xfe, 0x0, 0x0, 0x7f, 0x0, 0x0, 0x3f,
    0x80, 0x0, 0x1f, 0xc0, 0x0, 0xf, 0xe0, 0x0,
    0x7, 0xf0, 0x0, 0x3, 0xf8, 0x0, 0x1, 0xfc,
    0x0, 0x0, 0xfe, 0x0, 0x0, 0x7f, 0x0, 0x0,
    0x3f, 0x80, 0x0, 0x1f, 0xc0, 0x0, 0xf, 0xe0,
    0x0, 0x7, 0xf0, 0x0, 0x3, 0xf8, 0x0, 0x1,
    0xfc, 0x0, 0x0, 0xfe, 0x0, 0x0, 0x7f, 0x0,
    0x0, 0x3f, 0x80, 0x0, 0x1f, 0xc0, 0x0, 0xf,
    0xe0, 0x0, 0x7, 0xf0, 0x0, 0x3, 0xf8, 0x0,
    0x1, 0xfc, 0x0, 0x0, 0xfe, 0x0, 0x0, 0x7f,
    0x0, 0x0, 0x3f, 0x80, 0x0, 0x1f, 0xc0, 0x0,
    0xf, 0xe0, 0x0, 0x7, 0xf0, 0x0, 0x3, 0xf8,
    0x0, 0x1, 0xfc, 0x0, 0x0, 0xfe, 0x0, 0x0,
    0x7f, 0x0, 0x0, 0x3f, 0x80, 0x0, 0x1f, 0xc0,
    0x0, 0xf, 0xe0, 0x0, 0x7, 0xf0, 0x0, 0x3,
    0xf8, 0x0, 0x1, 0xff, 0xff, 0xff, 0xff, 0xff,
    0xff, 0xff, 0xff, 0xff, 0xff, 0xff, 0xff, 0xff,
    0xff, 0xff, 0xf0,

    /* U+004D "M" */
    0xfc, 0x0, 0x7, 0xff, 0xc0, 0x1, 0xff, 0xf8,
    0x0, 0x3f, 0xff, 0x0, 0x7, 0xff, 0xe0, 0x0,
    0xff, 0xfe, 0x0, 0x3f, 0xff, 0xc0, 0x7, 0xff,
    0xf8, 0x0, 0xff, 0xff, 0x0, 0x1d, 0xfe, 0xf0,
    0x7, 0xbf, 0xde, 0x0, 0xf7, 0xfb, 0xc0, 0x1e,
    0xff, 0x7c, 0x3, 0x9f, 0xe7, 0x80, 0xf3, 0xfc,
    0xf0, 0x1e, 0xff, 0xde, 0x3, 0xdf, 0xfb, 0xe0,
    0x7b, 0xff, 0x3c, 0x1e, 0x7f, 0xe7, 0x83, 0xcf,
    0xfc, 0xf0, 0x79, 0xff, 0x9f, 0xf, 0x3f, 0xf1,
    0xe3, 0xc7, 0xfe, 0x3c, 0x78, 0xff, 0xc7, 0x8f,
    0x1f, 0xf8, 0x71, 0xc3, 0xff, 0xf, 0x78, 0x7f,
    0xe1, 0xef, 0xf, 0xfc, 0x3d, 0xe1, 0xff, 0x83,
    0xb8, 0x3f, 0xf0, 0x7f, 0x7, 0xfe, 0xf, 0xe0,
    0xff, 0xc1, 0xfc, 0x1f, 0xf8, 0x1f, 0x3, 0xff,
    0x3, 0xe0, 0x7f, 0xe0, 0x7c, 0xf, 0xfc, 0xf,
    0x81, 0xff, 0x80, 0xe0, 0x3f, 0xf0, 0x0, 0x7,
    0xfe, 0x0, 0x0, 0xff, 0xc0, 0x0, 0x1f, 0xf8,
    0x0, 0x3, 0xff, 0x0, 0x0, 0x7f, 0xe0, 0x0,
    0xf, 0xfc, 0x0, 0x1, 0xff, 0x80, 0x0, 0x3f,
    0xf0, 0x0, 0x7, 0xfe, 0x0, 0x0, 0xff, 0xc0,
    0x0, 0x1f, 0xf8, 0x0, 0x3, 0xff, 0x0, 0x0,
    0x7f, 0xe0, 0x0, 0xf, 0x80,

    /* U+004E "N" */
    0xfe, 0x0, 0x7, 0xff, 0x80, 0x1, 0xff, 0xe0,
    0x0, 0x7f, 0xfc, 0x0, 0x1f, 0xff, 0x0, 0x7,
    0xff, 0xe0, 0x1, 0xff, 0xf8, 0x0, 0x7f, 0xfe,
    0x0, 0x1f, 0xff, 0xc0, 0x7, 0xff, 0xf0, 0x1,
    0xff, 0xbc, 0x0, 0x7f, 0xef, 0x80, 0x1f, 0xfb,
    0xe0, 0x7, 0xfe, 0x78, 0x1, 0xff, 0x9f, 0x0,
    0x7f, 0xe7, 0xc0, 0x1f, 0xf8, 0xf0, 0x7, 0xfe,
    0x3e, 0x1, 0xff, 0x8f, 0x80, 0x7f, 0xe1, 0xe0,
    0x1f, 0xf8, 0x7c, 0x7, 0xfe, 0x1f, 0x1, 0xff,
    0x83, 0xc0, 0x7f, 0xe0, 0xf8, 0x1f, 0xf8, 0x3e,
    0x7, 0xfe, 0x7, 0xc1, 0xff, 0x81, 0xf0, 0x7f,
    0xe0, 0x7c, 0x1f, 0xf8, 0xf, 0x87, 0xfe, 0x3,
    0xe1, 0xff, 0x80, 0xf8, 0x7f, 0xe0, 0x1f, 0x1f,
    0xf8, 0x7, 0xc7, 0xfe, 0x1, 0xf1, 0xff, 0x80,
    0x3e, 0x7f, 0xe0, 0xf, 0x9f, 0xf8, 0x3, 0xe7,
    0xfe, 0x0, 0x79, 0xff, 0x80, 0x1f, 0x7f, 0xe0,
    0x7, 0xdf, 0xf8, 0x0, 0xf7, 0xfe, 0x0, 0x3f,
    0xff, 0x80, 0x7, 0xff, 0xe0, 0x1, 0xff, 0xf8,
    0x0, 0x7f, 0xfe, 0x0, 0xf, 0xff, 0x80, 0x3,
    0xff, 0xe0, 0x0, 0xff, 0xf8, 0x0, 0x1f, 0xfe,
    0x0, 0x7, 0xff, 0x80, 0x1, 0xfc,

    /* U+004F "O" */
    0x0, 0xf, 0xe0, 0x0, 0x1, 0xff, 0xe0, 0x0,
    0xf, 0xff, 0xc0, 0x0, 0x7f, 0xff, 0x80, 0x3,
    0xff, 0xff, 0x0, 0x1f, 0xe1, 0xfe, 0x0, 0xfe,
    0x1, 0xfc, 0x3, 0xf0, 0x3, 0xf0, 0x1f, 0xc0,
    0xf, 0xe0, 0x7e, 0x0, 0x1f, 0x83, 0xf8, 0x0,
    0x7f, 0xf, 0xe0, 0x1, 0xfc, 0x3f, 0x0, 0x3,
    0xf1, 0xfc, 0x0, 0xf, 0xe7, 0xf0, 0x0, 0x3f,
    0x9f, 0xc0, 0x0, 0xfe, 0x7f, 0x0, 0x3, 0xf9,
    0xf8, 0x0, 0x7, 0xef, 0xe0, 0x0, 0x1f, 0xff,
    0x80, 0x0, 0x7f, 0xfe, 0x0, 0x1, 0xff, 0xf8,
    0x0, 0x7, 0xff, 0xe0, 0x0, 0x1f, 0xff, 0x80,
    0x0, 0x7f, 0xfe, 0x0, 0x1, 0xff, 0xf8, 0x0,
    0x7, 0xff, 0xe0, 0x0, 0x1f, 0xff, 0x80, 0x0,
    0x7f, 0xfe, 0x0, 0x1, 0xff, 0xf8, 0x0, 0x7,
    0xff, 0xe0, 0x0, 0x1f, 0xff, 0x80, 0x0, 0x7f,
    0xfe, 0x0, 0x1, 0xff, 0xf8, 0x0, 0x7, 0xff,
    0xe0, 0x0, 0x1f, 0xdf, 0x80, 0x0, 0x7e, 0x7f,
    0x0, 0x3, 0xf9, 0xfc, 0x0, 0xf, 0xe7, 0xf0,
    0x0, 0x3f, 0x9f, 0xc0, 0x0, 0xfe, 0x3f, 0x0,
    0x3, 0xf0, 0xfe, 0x0, 0x1f, 0xc3, 0xf8, 0x0,
    0x7f, 0x7, 0xe0, 0x1, 0xf8, 0x1f, 0xc0, 0xf,
    0xe0, 0x3f, 0x80, 0x3f, 0x0, 0xfe, 0x1, 0xfc,
    0x1, 0xfe, 0x1f, 0xe0, 0x3, 0xff, 0xff, 0x0,
    0x7, 0xff, 0xf8, 0x0, 0xf, 0xff, 0xc0, 0x0,
    0x1f, 0xfe, 0x0, 0x0, 0xf, 0xc0, 0x0,

    /* U+0050 "P" */
    0xff, 0xff, 0x0, 0xf, 0xff, 0xff, 0x0, 0xff,
    0xff, 0xfc, 0xf, 0xff, 0xff, 0xf0, 0xff, 0xff,
    0xff, 0x8f, 0xe0, 0x3f, 0xf8, 0xfe, 0x0, 0x7f,
    0xcf, 0xe0, 0x1, 0xfe, 0xfe, 0x0, 0x1f, 0xef,
    0xe0, 0x0, 0xfe, 0xfe, 0x0, 0xf, 0xff, 0xe0,
    0x0, 0x7f, 0xfe, 0x0, 0x7, 0xff, 0xe0, 0x0,
    0x7f, 0xfe, 0x0, 0x7, 0xff, 0xe0, 0x0, 0x7f,
    0xfe, 0x0, 0x7, 0xff, 0xe0, 0x0, 0x7f, 0xfe,
    0x0, 0x7, 0xff, 0xe0, 0x0, 0xff, 0xfe, 0x0,
    0xf, 0xef, 0xe0, 0x0, 0xfe, 0xfe, 0x0, 0x1f,
    0xef, 0xe0, 0x3, 0xfc, 0xfe, 0x0, 0x7f, 0xcf,
    0xe0, 0x3f, 0xf8, 0xff, 0xff, 0xff, 0xf, 0xff,
    0xff, 0xe0, 0xff, 0xff, 0xf8, 0xf, 0xff, 0xfe,
    0x0, 0xff, 0xff, 0x0, 0xf, 0xe0, 0x0, 0x0,
    0xfe, 0x0, 0x0, 0xf, 0xe0, 0x0, 0x0, 0xfe,
    0x0, 0x0, 0xf, 0xe0, 0x0, 0x0, 0xfe, 0x0,
    0x0, 0xf, 0xe0, 0x0, 0x0, 0xfe, 0x0, 0x0,
    0xf, 0xe0, 0x0, 0x0, 0xfe, 0x0, 0x0, 0xf,
    0xe0, 0x0, 0x0, 0xfe, 0x0, 0x0, 0xf, 0xe0,
    0x0, 0x0, 0xfe, 0x0, 0x0, 0xf, 0xe0, 0x0,
    0x0, 0xfe, 0x0, 0x0, 0xf, 0xe0, 0x0, 0x0,
    0xfe, 0x0, 0x0, 0xf, 0xe0, 0x0, 0x0, 0xfe,
    0x0, 0x0, 0xf, 0xe0, 0x0, 0x0,

    /* U+0051 "Q" */
    0x0, 0xf, 0xe0, 0x0, 0x0, 0xff, 0xf0, 0x0,
    0x3, 0xff, 0xf0, 0x0, 0xf, 0xff, 0xf0, 0x0,
    0x3f, 0xff, 0xf0, 0x0, 0xff, 0xf, 0xf0, 0x3,
    0xf8, 0x7, 0xf0, 0x7, 0xf0, 0xf, 0xe0, 0x1f,
    0xc0, 0xf, 0xe0, 0x3f, 0x0, 0xf, 0xc0, 0xfe,
    0x0, 0x1f, 0xc1, 0xfc, 0x0, 0x3f, 0x83, 0xf0,
    0x0, 0x3f, 0xf, 0xe0, 0x0, 0x7f, 0x1f, 0xc0,
    0x0, 0xfe, 0x3f, 0x80, 0x1, 0xfc, 0x7f, 0x0,
    0x3, 0xf8, 0xfc, 0x0, 0x3, 0xf3, 0xf8, 0x0,
    0x7, 0xf7, 0xf0, 0x0, 0xf, 0xef, 0xe0, 0x0,
    0x1f, 0xdf, 0xc0, 0x0, 0x3f, 0xbf, 0x80, 0x0,
    0x7f, 0x7f, 0x0, 0x0, 0xfe, 0xfe, 0x0, 0x1,
    0xfd, 0xfc, 0x0, 0x3, 0xfb, 0xf8, 0x0, 0x7,
    0xf7, 0xf0, 0x0, 0xf, 0xef, 0xe0, 0x0, 0x1f,
    0xdf, 0xc0, 0x0, 0x3f, 0xbf, 0x80, 0x0, 0x7f,
    0x7f, 0x0, 0x0, 0xfe, 0xfe, 0x0, 0x1, 0xfd,
    0xfc, 0x0, 0x3, 0xfb, 0xf8, 0x0, 0x7, 0xf3,
    0xf0, 0x0, 0x1f, 0xc7, 0xf0, 0x0, 0x3f, 0x8f,
    0xe0, 0x0, 0x7f, 0x1f, 0xc0, 0x0, 0xfe, 0x3f,
    0x80, 0x1, 0xfc, 0x3f, 0x0, 0x7, 0xf0, 0x7f,
    0x0, 0xf, 0xe0, 0xfe, 0x0, 0x1f, 0xc0, 0xfe,
    0x0, 0x7f, 0x1, 0xfc, 0x0, 0xfe, 0x1, 0xfc,
    0x3, 0xf8, 0x3, 0xfc, 0xf, 0xf0, 0x3, 0xfe,
    0x7f, 0xc0, 0x3, 0xff, 0xff, 0x0, 0x3, 0xff,
    0xfc, 0x0, 0x3, 0xff, 0xf0, 0x0, 0x3, 0xff,
    0xc0, 0x0, 0x0, 0xfe, 0x0, 0x0, 0x1, 0xf8,
    0x0, 0x0, 0x1, 0xf8, 0x0, 0x0, 0x3, 0xf0,
    0x0, 0x0, 0x3, 0xf0, 0x0, 0x0, 0x7, 0xf0,
    0x0, 0x0, 0x7, 0xf0, 0x0, 0x0, 0xf, 0xf8,
    0x20, 0x0, 0xf, 0xff, 0xc0, 0x0, 0xf, 0xff,
    0x80, 0x0, 0xf, 0xff, 0x80, 0x0, 0x7, 0xff,
    0x0, 0x0, 0x3, 0xfc,

    /* U+0052 "R" */
    0xff, 0xff, 0x0, 0xf, 0xff, 0xff, 0x0, 0xff,
    0xff, 0xfc, 0xf, 0xff, 0xff, 0xe0, 0xff, 0xff,
    0xff, 0xf, 0xe0, 0x3f, 0xf8, 0xfe, 0x0, 0x7f,
    0x8f, 0xe0, 0x3, 0xfc, 0xfe, 0x0, 0x1f, 0xcf,
    0xe0, 0x1, 0xfc, 0xfe, 0x0, 0xf, 0xef, 0xe0,
    0x0, 0xfe, 0xfe, 0x0, 0xf, 0xef, 0xe0, 0x0,
    0xfe, 0xfe, 0x0, 0xf, 0xef, 0xe0, 0x0, 0xfe,
    0xfe, 0x0, 0xf, 0xef, 0xe0, 0x0, 0xfe, 0xfe,
    0x0, 0xf, 0xef, 0xe0, 0x1, 0xfc, 0xfe, 0x0,
    0x1f, 0xcf, 0xe0, 0x3, 0xfc, 0xfe, 0x0, 0x7f,
    0x8f, 0xe0, 0xf, 0xf8, 0xfe, 0x3, 0xff, 0xf,
    0xff, 0xff, 0xe0, 0xff, 0xff, 0xfc, 0xf, 0xff,
    0xff, 0x80, 0xff, 0xff, 0xe0, 0xf, 0xff, 0xfc,
    0x0, 0xfe, 0xf, 0xc0, 0xf, 0xe0, 0xfe, 0x0,
    0xfe, 0x7, 0xe0, 0xf, 0xe0, 0x7f, 0x0, 0xfe,
    0x3, 0xf0, 0xf, 0xe0, 0x3f, 0x80, 0xfe, 0x3,
    0xf8, 0xf, 0xe0, 0x1f, 0x80, 0xfe, 0x1, 0xfc,
    0xf, 0xe0, 0xf, 0xc0, 0xfe, 0x0, 0xfe, 0xf,
    0xe0, 0xf, 0xe0, 0xfe, 0x0, 0x7f, 0xf, 0xe0,
    0x7, 0xf0, 0xfe, 0x0, 0x3f, 0x8f, 0xe0, 0x3,
    0xf8, 0xfe, 0x0, 0x3f, 0xcf, 0xe0, 0x1, 0xfc,
    0xfe, 0x0, 0x1f, 0xcf, 0xe0, 0x0, 0xfe, 0xfe,
    0x0, 0xf, 0xef, 0xe0, 0x0, 0xff,

    /* U+0053 "S" */
    0x0, 0x1f, 0xe0, 0x0, 0x3, 0xff, 0xe0, 0x0,
    0x7f, 0xff, 0xc0, 0x7, 0xff, 0xff, 0x0, 0x7f,
    0xff, 0xfe, 0x7, 0xfc, 0x1f, 0xf8, 0x3f, 0x80,
    0x3f, 0x83, 0xf8, 0x0, 0x78, 0x1f, 0xc0, 0x1,
    0x81, 0xfc, 0x0, 0x4, 0xf, 0xe0, 0x0, 0x0,
    0x7f, 0x0, 0x0, 0x3, 0xf8, 0x0, 0x0, 0x1f,
    0xc0, 0x0, 0x0, 0xfe, 0x0, 0x0, 0x7, 0xf8,
    0x0, 0x0, 0x3f, 0xc0, 0x0, 0x1, 0xff, 0x0,
    0x0, 0x7, 0xfc, 0x0, 0x0, 0x3f, 0xf0, 0x0,
    0x0, 0xff, 0xc0, 0x0, 0x7, 0xff, 0x80, 0x0,
    0x1f, 0xfe, 0x0, 0x0, 0x7f, 0xfc, 0x0, 0x1,
    0xff, 0xf0, 0x0, 0x7, 0xff, 0xe0, 0x0, 0xf,
    0xff, 0x80, 0x0, 0x3f, 0xfe, 0x0, 0x0, 0x7f,
    0xf8, 0x0, 0x1, 0xff, 0xe0, 0x0, 0x3, 0xff,
    0x80, 0x0, 0xf, 0xfc, 0x0, 0x0, 0x3f, 0xf0,
    0x0, 0x0, 0xff, 0x80, 0x0, 0x3, 0xfc, 0x0,
    0x0, 0xf, 0xf0, 0x0, 0x0, 0x7f, 0x80, 0x0,
    0x1, 0xfc, 0x0, 0x0, 0xf, 0xe0, 0x0, 0x0,
    0x7f, 0x0, 0x0, 0x3, 0xf8, 0x0, 0x0, 0x1f,
    0xc2, 0x0, 0x0, 0xfe, 0x38, 0x0, 0xf, 0xe3,
    0xe0, 0x0, 0x7f, 0x3f, 0x80, 0x7, 0xf9, 0xff,
    0x0, 0x7f, 0x87, 0xfe, 0x7, 0xf8, 0x1f, 0xff,
    0xff, 0xc0, 0x7f, 0xff, 0xfc, 0x0, 0xff, 0xff,
    0x80, 0x3, 0xff, 0xf8, 0x0, 0x3, 0xfe, 0x0,
    0x0,

    /* U+0054 "T" */
    0xff, 0xff, 0xff, 0xff, 0xff, 0xff, 0xff, 0xff,
    0xff, 0xff, 0xff, 0xff, 0xff, 0xff, 0xff, 0xff,
    0xff, 0xff, 0xff, 0xe0, 0x1, 0xfc, 0x0, 0x0,
    0x3, 0xf8, 0x0, 0x0, 0x7, 0xf0, 0x0, 0x0,
    0xf, 0xe0, 0x0, 0x0, 0x1f, 0xc0, 0x0, 0x0,
    0x3f, 0x80, 0x0, 0x0, 0x7f, 0x0, 0x0, 0x0,
    0xfe, 0x0, 0x0, 0x1, 0xfc, 0x0, 0x0, 0x3,
    0xf8, 0x0, 0x0, 0x7, 0xf0, 0x0, 0x0, 0xf,
    0xe0, 0x0, 0x0, 0x1f, 0xc0, 0x0, 0x0, 0x3f,
    0x80, 0x0, 0x0, 0x7f, 0x0, 0x0, 0x0, 0xfe,
    0x0, 0x0, 0x1, 0xfc, 0x0, 0x0, 0x3, 0xf8,
    0x0, 0x0, 0x7, 0xf0, 0x0, 0x0, 0xf, 0xe0,
    0x0, 0x0, 0x1f, 0xc0, 0x0, 0x0, 0x3f, 0x80,
    0x0, 0x0, 0x7f, 0x0, 0x0, 0x0, 0xfe, 0x0,
    0x0, 0x1, 0xfc, 0x0, 0x0, 0x3, 0xf8, 0x0,
    0x0, 0x7, 0xf0, 0x0, 0x0, 0xf, 0xe0, 0x0,
    0x0, 0x1f, 0xc0, 0x0, 0x0, 0x3f, 0x80, 0x0,
    0x0, 0x7f, 0x0, 0x0, 0x0, 0xfe, 0x0, 0x0,
    0x1, 0xfc, 0x0, 0x0, 0x3, 0xf8, 0x0, 0x0,
    0x7, 0xf0, 0x0, 0x0, 0xf, 0xe0, 0x0, 0x0,
    0x1f, 0xc0, 0x0, 0x0, 0x3f, 0x80, 0x0, 0x0,
    0x7f, 0x0, 0x0, 0x0, 0xfe, 0x0, 0x0, 0x1,
    0xfc, 0x0, 0x0, 0x3, 0xf8, 0x0, 0x0, 0x7,
    0xf0, 0x0, 0x0, 0xf, 0xe0, 0x0, 0x0, 0x1f,
    0xc0, 0x0, 0x0, 0x3f, 0x80, 0x0,

    /* U+0055 "U" */
    0xfe, 0x0, 0x7, 0xff, 0xc0, 0x0, 0xff, 0xf8,
    0x0, 0x1f, 0xff, 0x0, 0x3, 0xff, 0xe0, 0x0,
    0x7f, 0xfc, 0x0, 0xf, 0xff, 0x80, 0x1, 0xff,
    0xf0, 0x0, 0x3f, 0xfe, 0x0, 0x7, 0xff, 0xc0,
    0x0, 0xff, 0xf8, 0x0, 0x1f, 0xff, 0x0, 0x3,
    0xff, 0xe0, 0x0, 0x7f, 0xfc, 0x0, 0xf, 0xff,
    0x80, 0x1, 0xff, 0xf0, 0x0, 0x3f, 0xfe, 0x0,
    0x7, 0xff, 0xc0, 0x0, 0xff, 0xf8, 0x0, 0x1f,
    0xff, 0x0, 0x3, 0xff, 0xe0, 0x0, 0x7f, 0xfc,
    0x0, 0xf, 0xff, 0x80, 0x1, 0xff, 0xf0, 0x0,
    0x3f, 0xfe, 0x0, 0x7, 0xff, 0xc0, 0x0, 0xff,
    0xf8, 0x0, 0x1f, 0xff, 0x0, 0x3, 0xff, 0xe0,
    0x0, 0x7f, 0xfc, 0x0, 0xf, 0xff, 0x80, 0x1,
    0xff, 0xf0, 0x0, 0x3f, 0xfe, 0x0, 0x7, 0xff,
    0xc0, 0x0, 0xff, 0xf8, 0x0, 0x1f, 0xff, 0x0,
    0x3, 0xff, 0xe0, 0x0, 0x7f, 0xfc, 0x0, 0xf,
    0xff, 0x80, 0x1, 0xff, 0xf0, 0x0, 0x3f, 0xfe,
    0x0, 0x7, 0xff, 0xc0, 0x0, 0xfd, 0xfc, 0x0,
    0x3f, 0x3f, 0x80, 0x7, 0xe7, 0xf0, 0x0, 0xfc,
    0xff, 0x0, 0x3f, 0xf, 0xf0, 0xf, 0xe1, 0xff,
    0x7, 0xf8, 0x1f, 0xff, 0xff, 0x1, 0xff, 0xff,
    0xc0, 0x1f, 0xff, 0xf0, 0x0, 0xff, 0xf8, 0x0,
    0x7, 0xfc, 0x0,

    /* U+0056 "V" */
    0xfe, 0x0, 0x0, 0x7f, 0xfc, 0x0, 0x1, 0xff,
    0xf8, 0x0, 0x3, 0xfb, 0xf0, 0x0, 0x7, 0xe7,
    0xe0, 0x0, 0xf, 0xcf, 0xe0, 0x0, 0x1f, 0x9f,
    0xc0, 0x0, 0x7f, 0x3f, 0x80, 0x0, 0xfe, 0x3f,
    0x0, 0x1, 0xf8, 0x7e, 0x0, 0x3, 0xf0, 0xfe,
    0x0, 0x7, 0xe1, 0xfc, 0x0, 0x1f, 0xc1, 0xf8,
    0x0, 0x3f, 0x3, 0xf0, 0x0, 0x7e, 0x7, 0xe0,
    0x0, 0xfc, 0xf, 0xe0, 0x1, 0xf8, 0x1f, 0xc0,
    0x7, 0xf0, 0x1f, 0x80, 0xf, 0xc0, 0x3f, 0x0,
    0x1f, 0x80, 0x7e, 0x0, 0x3f, 0x0, 0xfe, 0x0,
    0x7e, 0x0, 0xfc, 0x1, 0xf8, 0x1, 0xf8, 0x3,
    0xf0, 0x3, 0xf0, 0x7, 0xe0, 0x7, 0xe0, 0xf,
    0xc0, 0xf, 0xc0, 0x1f, 0x80, 0xf, 0xc0, 0x3e,
    0x0, 0x1f, 0x80, 0xfc, 0x0, 0x3f, 0x1, 0xf8,
    0x0, 0x7e, 0x3, 0xf0, 0x0, 0x7c, 0x7, 0xc0,
    0x0, 0xfc, 0xf, 0x80, 0x1, 0xf8, 0x3f, 0x0,
    0x3, 0xf0, 0x7e, 0x0, 0x3, 0xe0, 0xfc, 0x0,
    0x7, 0xc1, 0xf0, 0x0, 0xf, 0xc3, 0xe0, 0x0,
    0x1f, 0x8f, 0xc0, 0x0, 0x3f, 0x1f, 0x80, 0x0,
    0x3e, 0x3e, 0x0, 0x0, 0x7c, 0x7c, 0x0, 0x0,
    0xfc, 0xf8, 0x0, 0x1, 0xfb, 0xf0, 0x0, 0x1,
    0xf7, 0xc0, 0x0, 0x3, 0xef, 0x80, 0x0, 0x7,
    0xdf, 0x0, 0x0, 0xf, 0xfe, 0x0, 0x0, 0x1f,
    0xfc, 0x0, 0x0, 0x1f, 0xf0, 0x0, 0x0, 0x3f,
    0xe0, 0x0, 0x0, 0x7f, 0xc0, 0x0, 0x0, 0xff,
    0x80, 0x0,

    /* U+0057 "W" */
    0xfc, 0x0, 0x0, 0x7, 0xff, 0x0, 0x0, 0x3,
    0xff, 0xc0, 0x0, 0x0, 0xff, 0xf0, 0x0, 0x0,
    0x3f, 0xfc, 0x0, 0x0, 0xf, 0x9f, 0x0, 0x0,
    0x3, 0xe7, 0xc0, 0x0, 0x0, 0xf9, 0xf0, 0x0,
    0x0, 0x3e, 0x7e, 0x0, 0x0, 0xf, 0x9f, 0x80,
    0x0, 0x3, 0xe7, 0xe0, 0x0, 0x0, 0xf9, 0xf8,
    0x0, 0x0, 0x3e, 0x7e, 0x0, 0x0, 0x1f, 0x9f,
    0x80, 0x7c, 0x7, 0xe3, 0xe0, 0x1f, 0x1, 0xf0,
    0xf8, 0x7, 0xc0, 0x7c, 0x3e, 0x3, 0xf0, 0x1f,
    0xf, 0x80, 0xfc, 0x7, 0xc3, 0xe0, 0x3f, 0x81,
    0xf0, 0xfc, 0xf, 0xe0, 0x7c, 0x3f, 0x3, 0xf8,
    0x1f, 0xf, 0xc1, 0xfe, 0x7, 0xc3, 0xf0, 0x7f,
    0x81, 0xf0, 0xfc, 0x1d, 0xe0, 0x7c, 0x1f, 0x7,
    0x3c, 0x3e, 0x7, 0xc1, 0xcf, 0xf, 0x81, 0xf0,
    0xf3, 0xc3, 0xe0, 0x7c, 0x3c, 0xf0, 0xf8, 0x1f,
    0xf, 0x3c, 0x3e, 0x7, 0xc3, 0xcf, 0x8f, 0x81,
    0xf8, 0xf3, 0xe3, 0xe0, 0x7e, 0x78, 0x78, 0xf8,
    0x1f, 0x9e, 0x1e, 0x3e, 0x7, 0xe7, 0x87, 0x8f,
    0x80, 0xf9, 0xe1, 0xe3, 0xc0, 0x3e, 0x78, 0x7c,
    0xf0, 0xf, 0x9e, 0x1f, 0x3c, 0x3, 0xef, 0x3,
    0xdf, 0x0, 0xfb, 0xc0, 0xf7, 0xc0, 0x3e, 0xf0,
    0x3d, 0xf0, 0xf, 0xbc, 0xf, 0x7c, 0x3, 0xef,
    0x3, 0xff, 0x0, 0xfb, 0x80, 0x7f, 0xc0, 0x1f,
    0xe0, 0x1f, 0xf0, 0x7, 0xf8, 0x7, 0xfc, 0x1,
    0xfe, 0x1, 0xfe, 0x0, 0x7f, 0x80, 0x7f, 0x80,
    0x1f, 0xe0, 0x1f, 0xe0, 0x7, 0xf0, 0x3, 0xf8,
    0x1, 0xfc, 0x0, 0xfe, 0x0, 0x7f, 0x0, 0x3f,
    0x80,

    /* U+0058 "X" */
    0x7f, 0x0, 0x1, 0xfc, 0x7e, 0x0, 0x3, 0xf0,
    0xfe, 0x0, 0x7, 0xe1, 0xfc, 0x0, 0x1f, 0xc1,
    0xfc, 0x0, 0x3f, 0x3, 0xf8, 0x0, 0xfe, 0x3,
    0xf0, 0x1, 0xf8, 0x7, 0xf0, 0x3, 0xf0, 0x7,
    0xe0, 0xf, 0xe0, 0xf, 0xc0, 0x1f, 0x80, 0x1f,
    0xc0, 0x3f, 0x0, 0x1f, 0x80, 0xfc, 0x0, 0x3f,
    0x81, 0xf8, 0x0, 0x3f, 0x3, 0xe0, 0x0, 0x7e,
    0xf, 0xc0, 0x0, 0x7e, 0x1f, 0x80, 0x0, 0xfc,
    0x7e, 0x0, 0x1, 0xf8, 0xfc, 0x0, 0x1, 0xf9,
    0xf0, 0x0, 0x3, 0xf7, 0xe0, 0x0, 0x3, 0xff,
    0xc0, 0x0, 0x7, 0xff, 0x0, 0x0, 0x7, 0xfe,
    0x0, 0x0, 0xf, 0xf8, 0x0, 0x0, 0x1f, 0xf0,
    0x0, 0x0, 0x3f, 0xe0, 0x0, 0x0, 0x7f, 0xc0,
    0x0, 0x1, 0xff, 0xc0, 0x0, 0x3, 0xff, 0x80,
    0x0, 0xf, 0xdf, 0x0, 0x0, 0x1f, 0xbf, 0x0,
    0x0, 0x7e, 0x7e, 0x0, 0x0, 0xfc, 0x7e, 0x0,
    0x1, 0xf0, 0xfc, 0x0, 0x7, 0xe1, 0xfc, 0x0,
    0xf, 0xc1, 0xf8, 0x0, 0x3f, 0x3, 0xf0, 0x0,
    0x7e, 0x7, 0xf0, 0x0, 0xfc, 0x7, 0xe0, 0x3,
    0xf0, 0xf, 0xe0, 0x7, 0xe0, 0xf, 0xc0, 0x1f,
    0xc0, 0x1f, 0xc0, 0x3f, 0x0, 0x3f, 0x80, 0x7e,
    0x0, 0x3f, 0x1, 0xf8, 0x0, 0x7f, 0x3, 0xf0,
    0x0, 0xfe, 0xf, 0xe0, 0x0, 0xfe, 0x1f, 0x80,
    0x1, 0xfc, 0x7f, 0x0, 0x1, 0xf8, 0xfe, 0x0,
    0x3, 0xf9, 0xf8, 0x0, 0x7, 0xf0,

    /* U+0059 "Y" */
    0xfe, 0x0, 0x0, 0x3f, 0xbf, 0x80, 0x0, 0x1f,
    0x9f, 0xc0, 0x0, 0x1f, 0xc7, 0xe0, 0x0, 0xf,
    0xc3, 0xf8, 0x0, 0xf, 0xe1, 0xfc, 0x0, 0x7,
    0xf0, 0x7e, 0x0, 0x3, 0xf0, 0x3f, 0x80, 0x3,
    0xf8, 0xf, 0xc0, 0x1, 0xfc, 0x7, 0xe0, 0x0,
    0xfc, 0x3, 0xf8, 0x0, 0xfe, 0x0, 0xfc, 0x0,
    0x7e, 0x0, 0x7e, 0x0, 0x3f, 0x0, 0x3f, 0x80,
    0x3f, 0x80, 0xf, 0xc0, 0x1f, 0x80, 0x7, 0xe0,
    0xf, 0xc0, 0x1, 0xf8, 0xf, 0xc0, 0x0, 0xfc,
    0x7, 0xe0, 0x0, 0x7e, 0x3, 0xf0, 0x0, 0x1f,
    0x83, 0xf0, 0x0, 0xf, 0xc1, 0xf8, 0x0, 0x7,
    0xe0, 0xfc, 0x0, 0x1, 0xf8, 0xfc, 0x0, 0x0,
    0xfc, 0x7e, 0x0, 0x0, 0x3e, 0x3e, 0x0, 0x0,
    0x1f, 0xbf, 0x0, 0x0, 0xf, 0xdf, 0x80, 0x0,
    0x3, 0xef, 0x80, 0x0, 0x1, 0xff, 0xc0, 0x0,
    0x0, 0xff, 0xe0, 0x0, 0x0, 0x3f, 0xe0, 0x0,
    0x0, 0x1f, 0xf0, 0x0, 0x0, 0x7, 0xf0, 0x0,
    0x0, 0x3, 0xf8, 0x0, 0x0, 0x1, 0xfc, 0x0,
    0x0, 0x0, 0xfe, 0x0, 0x0, 0x0, 0x7f, 0x0,
    0x0, 0x0, 0x3f, 0x80, 0x0, 0x0, 0x1f, 0xc0,
    0x0, 0x0, 0xf, 0xe0, 0x0, 0x0, 0x7, 0xf0,
    0x0, 0x0, 0x3, 0xf8, 0x0, 0x0, 0x1, 0xfc,
    0x0, 0x0, 0x0, 0xfe, 0x0, 0x0, 0x0, 0x7f,
    0x0, 0x0, 0x0, 0x3f, 0x80, 0x0, 0x0, 0x1f,
    0xc0, 0x0, 0x0, 0xf, 0xe0, 0x0, 0x0, 0x7,
    0xf0, 0x0, 0x0, 0x3, 0xf8, 0x0, 0x0, 0x1,
    0xfc, 0x0, 0x0, 0x0, 0xfe, 0x0, 0x0,

    /* U+005A "Z" */
    0x3f, 0xff, 0xff, 0xf3, 0xff, 0xff, 0xff, 0x3f,
    0xff, 0xff, 0xf3, 0xff, 0xff, 0xff, 0x3f, 0xff,
    0xff, 0xf0, 0x0, 0x0, 0xfe, 0x0, 0x0, 0xf,
    0xe0, 0x0, 0x1, 0xfc, 0x0, 0x0, 0x1f, 0xc0,
    0x0, 0x3, 0xf8, 0x0, 0x0, 0x3f, 0x80, 0x0,
    0x7, 0xf0, 0x0, 0x0, 0x7f, 0x0, 0x0, 0xf,
    0xe0, 0x0, 0x0, 0xfe, 0x0, 0x0, 0x1f, 0xc0,
    0x0, 0x1, 0xfc, 0x0, 0x0, 0x3f, 0x80, 0x0,
    0x3, 0xf8, 0x0, 0x0, 0x3f, 0x0, 0x0, 0x7,
    0xf0, 0x0, 0x0, 0x7e, 0x0, 0x0, 0xf, 0xe0,
    0x0, 0x0, 0xfc, 0x0, 0x0, 0x1f, 0xc0, 0x0,
    0x1, 0xf8, 0x0, 0x0, 0x3f, 0x80, 0x0, 0x3,
    0xf8, 0x0, 0x0, 0x7f, 0x0, 0x0, 0x7, 0xf0,
    0x0, 0x0, 0xfe, 0x0, 0x0, 0xf, 0xe0, 0x0,
    0x1, 0xfc, 0x0, 0x0, 0x1f, 0xc0, 0x0, 0x3,
    0xf8, 0x0, 0x0, 0x3f, 0x80, 0x0, 0x7, 0xf0,
    0x0, 0x0, 0x7f, 0x0, 0x0, 0xf, 0xe0, 0x0,
    0x0, 0xfe, 0x0, 0x0, 0x1f, 0xc0, 0x0, 0x1,
    0xfc, 0x0, 0x0, 0x3f, 0x80, 0x0, 0x3, 0xf8,
    0x0, 0x0, 0x7f, 0x0, 0x0, 0x7, 0xf0, 0x0,
    0x0, 0xff, 0xff, 0xff, 0xff, 0xff, 0xff, 0xff,
    0xff, 0xff, 0xff, 0xff, 0xff, 0xff, 0xff, 0xff,
    0xff, 0xff, 0xf0,

    /* U+005B "[" */
    0xff, 0xff, 0xff, 0xff, 0xff, 0xff, 0xff, 0x0,
    0xf, 0x80, 0x7, 0xc0, 0x3, 0xe0, 0x1, 0xf0,
    0x0, 0xf8, 0x0, 0x7c, 0x0, 0x3e, 0x0, 0x1f,
    0x0, 0xf, 0x80, 0x7, 0xc0, 0x3, 0xe0, 0x1,
    0xf0, 0x0, 0xf8, 0x0, 0x7c, 0x0, 0x3e, 0x0,
    0x1f, 0x0, 0xf, 0x80, 0x7, 0xc0, 0x3, 0xe0,
    0x1, 0xf0, 0x0, 0xf8, 0x0, 0x7c, 0x0, 0x3e,
    0x0, 0x1f, 0x0, 0xf, 0x80, 0x7, 0xc0, 0x3,
    0xe0, 0x1, 0xf0, 0x0, 0xf8, 0x0, 0x7c, 0x0,
    0x3e, 0x0, 0x1f, 0x0, 0xf, 0x80, 0x7, 0xc0,
    0x3, 0xe0, 0x1, 0xf0, 0x0, 0xf8, 0x0, 0x7c,
    0x0, 0x3e, 0x0, 0x1f, 0x0, 0xf, 0x80, 0x7,
    0xc0, 0x3, 0xe0, 0x1, 0xf0, 0x0, 0xf8, 0x0,
    0x7c, 0x0, 0x3e, 0x0, 0x1f, 0x0, 0xf, 0x80,
    0x7, 0xc0, 0x3, 0xe0, 0x1, 0xf0, 0x0, 0xf8,
    0x0, 0x7c, 0x0, 0x3e, 0x0, 0x1f, 0x0, 0xf,
    0x80, 0x7, 0xc0, 0x3, 0xe0, 0x1, 0xf0, 0x0,
    0xff, 0xff, 0xff, 0xff, 0xff, 0xff, 0xe0,

    /* U+005C "\\" */
    0xf8, 0x0, 0x0, 0x7, 0xc0, 0x0, 0x0, 0x1e,
    0x0, 0x0, 0x0, 0xf8, 0x0, 0x0, 0x7, 0xc0,
    0x0, 0x0, 0x1e, 0x0, 0x0, 0x0, 0xf8, 0x0,
    0x0, 0x7, 0xc0, 0x0, 0x0, 0x1e, 0x0, 0x0,
    0x0, 0xf8, 0x0, 0x0, 0x3, 0xc0, 0x0, 0x0,
    0x1f, 0x0, 0x0, 0x0, 0xf8, 0x0, 0x0, 0x3,
    0xc0, 0x0, 0x0, 0x1f, 0x0, 0x0, 0x0, 0xf8,
    0x0, 0x0, 0x3, 0xc0, 0x0, 0x0, 0x1f, 0x0,
    0x0, 0x0, 0xf8, 0x0, 0x0, 0x3, 0xc0, 0x0,
    0x0, 0x1f, 0x0, 0x0, 0x0, 0x78, 0x0, 0x0,
    0x3, 0xe0, 0x0, 0x0, 0x1f, 0x0, 0x0, 0x0,
    0x78, 0x0, 0x0, 0x3, 0xe0, 0x0, 0x0, 0x1f,
    0x0, 0x0, 0x0, 0x78, 0x0, 0x0, 0x3, 0xe0,
    0x0, 0x0, 0xf, 0x0, 0x0, 0x0, 0x7c, 0x0,
    0x0, 0x3, 0xe0, 0x0, 0x0, 0xf, 0x0, 0x0,
    0x0, 0x7c, 0x0, 0x0, 0x3, 0xe0, 0x0, 0x0,
    0xf, 0x0, 0x0, 0x0, 0x7c, 0x0, 0x0, 0x3,
    0xe0, 0x0, 0x0, 0xf, 0x0, 0x0, 0x0, 0x7c,
    0x0, 0x0, 0x1, 0xe0, 0x0, 0x0, 0xf, 0x80,
    0x0, 0x0, 0x7c, 0x0, 0x0, 0x1, 0xe0, 0x0,
    0x0, 0xf, 0x80, 0x0, 0x0, 0x7c, 0x0, 0x0,
    0x1, 0xe0, 0x0, 0x0, 0xf, 0x80, 0x0, 0x0,
    0x7c, 0x0, 0x0, 0x1, 0xe0, 0x0, 0x0, 0xf,
    0x80, 0x0, 0x0, 0x3c, 0x0, 0x0, 0x1, 0xf0,
    0x0, 0x0, 0xf, 0x80, 0x0, 0x0, 0x3c, 0x0,
    0x0, 0x1, 0xf0, 0x0, 0x0, 0xf, 0x80, 0x0,
    0x0, 0x3c, 0x0, 0x0, 0x1, 0xf0, 0x0, 0x0,
    0xf, 0x80, 0x0, 0x0, 0x3c, 0x0, 0x0, 0x1,
    0xf0, 0x0, 0x0, 0x7, 0x80, 0x0, 0x0, 0x3e,
    0x0, 0x0, 0x1, 0xf0, 0x0, 0x0, 0x7, 0x80,
    0x0, 0x0, 0x3e, 0x0, 0x0, 0x1, 0xf0,

    /* U+005D "]" */
    0xff, 0xff, 0xff, 0xff, 0xff, 0xff, 0xe0, 0x1,
    0xf0, 0x0, 0xf8, 0x0, 0x7c, 0x0, 0x3e, 0x0,
    0x1f, 0x0, 0xf, 0x80, 0x7, 0xc0, 0x3, 0xe0,
    0x1, 0xf0, 0x0, 0xf8, 0x0, 0x7c, 0x0, 0x3e,
    0x0, 0x1f, 0x0, 0xf, 0x80, 0x7, 0xc0, 0x3,
    0xe0, 0x1, 0xf0, 0x0, 0xf8, 0x0, 0x7c, 0x0,
    0x3e, 0x0, 0x1f, 0x0, 0xf, 0x80, 0x7, 0xc0,
    0x3, 0xe0, 0x1, 0xf0, 0x0, 0xf8, 0x0, 0x7c,
    0x0, 0x3e, 0x0, 0x1f, 0x0, 0xf, 0x80, 0x7,
    0xc0, 0x3, 0xe0, 0x1, 0xf0, 0x0, 0xf8, 0x0,
    0x7c, 0x0, 0x3e, 0x0, 0x1f, 0x0, 0xf, 0x80,
    0x7, 0xc0, 0x3, 0xe0, 0x1, 0xf0, 0x0, 0xf8,
    0x0, 0x7c, 0x0, 0x3e, 0x0, 0x1f, 0x0, 0xf,
    0x80, 0x7, 0xc0, 0x3, 0xe0, 0x1, 0xf0, 0x0,
    0xf8, 0x0, 0x7c, 0x0, 0x3e, 0x0, 0x1f, 0x0,
    0xf, 0x80, 0x7, 0xc0, 0x3, 0xe0, 0x1, 0xf0,
    0x0, 0xf8, 0x0, 0x7c, 0x0, 0x3e, 0x0, 0x1f,
    0xff, 0xff, 0xff, 0xff, 0xff, 0xff, 0xe0,

    /* U+005E "^" */
    0x0, 0x1f, 0x0, 0x0, 0x7, 0xf0, 0x0, 0x0,
    0xfe, 0x0, 0x0, 0x3f, 0xe0, 0x0, 0x7, 0xfc,
    0x0, 0x0, 0xff, 0x80, 0x0, 0x3e, 0xf8, 0x0,
    0x7, 0xdf, 0x0, 0x0, 0xfb, 0xe0, 0x0, 0x3e,
    0x3e, 0x0, 0x7, 0xc7, 0xc0, 0x0, 0xf8, 0xf8,
    0x0, 0x3e, 0xf, 0x80, 0x7, 0xc1, 0xf0, 0x0,
    0xf8, 0x3e, 0x0, 0x3e, 0x3, 0xe0, 0x7, 0xc0,
    0x7c, 0x1, 0xf8, 0xf, 0x80, 0x3e, 0x0, 0xf8,
    0x7, 0xc0, 0x1f, 0x1, 0xf8, 0x3, 0xf0, 0x3e,
    0x0, 0x3e, 0x7, 0xc0, 0x7, 0xc1, 0xf8, 0x0,
    0xfc, 0x3e, 0x0, 0xf, 0x87, 0xc0, 0x1, 0xf1,
    0xf8, 0x0, 0x3f, 0x3e, 0x0, 0x3, 0xef, 0xc0,
    0x0, 0x7d, 0xf8, 0x0, 0xf, 0xc0,

    /* U+005F "_" */
    0xff, 0xff, 0xff, 0xff, 0xff, 0xff, 0xff, 0xff,
    0xff, 0xff, 0xff, 0xff, 0xff, 0xff, 0xff, 0xff,
    0xff, 0xf0,

    /* U+0060 "`" */
    0x7f, 0x3, 0xf8, 0xf, 0xe0, 0x3f, 0x1, 0xfc,
    0x7, 0xe0, 0x3f, 0x0, 0xfc, 0x3, 0xe0, 0x1f,
    0x80, 0x7c, 0x3, 0xf0,

    /* U+0061 "a" */
    0x0, 0x3f, 0xc0, 0x0, 0x3f, 0xff, 0x0, 0x1f,
    0xff, 0xf0, 0xf, 0xff, 0xff, 0x7, 0xff, 0xff,
    0xf0, 0x7f, 0x81, 0xff, 0xf, 0xc0, 0x1f, 0xe0,
    0xe0, 0x1, 0xfe, 0x0, 0x0, 0x1f, 0xc0, 0x0,
    0x3, 0xf8, 0x0, 0x0, 0x7f, 0x80, 0x0, 0x7,
    0xf0, 0x0, 0x0, 0xfe, 0x0, 0x0, 0x1f, 0xc0,
    0x0, 0x3, 0xf8, 0x0, 0x7, 0xff, 0x0, 0xf,
    0xff, 0xe0, 0xf, 0xff, 0xfc, 0x7, 0xff, 0xff,
    0x83, 0xff, 0xe7, 0xf0, 0xff, 0xc0, 0xfe, 0x3f,
    0xc0, 0x1f, 0xcf, 0xe0, 0x3, 0xfb, 0xf8, 0x0,
    0x7f, 0x7e, 0x0, 0xf, 0xef, 0xc0, 0x1, 0xff,
    0xf0, 0x0, 0x3f, 0xfe, 0x0, 0x7, 0xff, 0xc0,
    0x0, 0xff, 0xf8, 0x0, 0x1f, 0xff, 0x0, 0x3,
    0xff, 0xe0, 0x0, 0xff, 0xfe, 0x0, 0x7f, 0xef,
    0xe0, 0x1f, 0xfd, 0xfe, 0xf, 0xff, 0xbf, 0xff,
    0xfb, 0xf3, 0xff, 0xfc, 0x7e, 0x3f, 0xff, 0xf,
    0xc3, 0xff, 0xc1, 0xf8, 0x1f, 0xc0, 0x0,

    /* U+0062 "b" */
    0xfe, 0x0, 0x0, 0x1f, 0xc0, 0x0, 0x3, 0xf8,
    0x0, 0x0, 0x7f, 0x0, 0x0, 0xf, 0xe0, 0x0,
    0x1, 0xfc, 0x0, 0x0, 0x3f, 0x80, 0x0, 0x7,
    0xf0, 0x0, 0x0, 0xfe, 0x0, 0x0, 0x1f, 0xc0,
    0x0, 0x3, 0xf8, 0x0, 0x0, 0x7f, 0x0, 0x0,
    0xf, 0xe0, 0x0, 0x1, 0xfc, 0x0, 0x0, 0x3f,
    0x80, 0x0, 0x7, 0xf0, 0x3f, 0x0, 0xfe, 0x1f,
    0xf8, 0x1f, 0xcf, 0xff, 0x83, 0xfb, 0xff, 0xf8,
    0x7f, 0xff, 0xff, 0x8f, 0xff, 0xf, 0xf1, 0xff,
    0x80, 0xff, 0x3f, 0xe0, 0xf, 0xe7, 0xf8, 0x1,
    0xfe, 0xfe, 0x0, 0x1f, 0xdf, 0xc0, 0x3, 0xfb,
    0xf8, 0x0, 0x7f, 0x7f, 0x0, 0xf, 0xef, 0xe0,
    0x0, 0xff, 0xfc, 0x0, 0x1f, 0xff, 0x80, 0x3,
    0xff, 0xf0, 0x0, 0x7f, 0xfe, 0x0, 0xf, 0xff,
    0xc0, 0x1, 0xff, 0xf8, 0x0, 0x3f, 0xff, 0x0,
    0x7, 0xff, 0xe0, 0x0, 0xff, 0xfc, 0x0, 0x1f,
    0xff, 0x80, 0x3, 0xff, 0xf0, 0x0, 0x7f, 0xfe,
    0x0, 0xf, 0xff, 0xc0, 0x3, 0xfb, 0xf8, 0x0,
    0x7f, 0x7f, 0x0, 0xf, 0xef, 0xe0, 0x1, 0xfd,
    0xfc, 0x0, 0x7f, 0x3f, 0x80, 0xf, 0xe7, 0xf8,
    0x3, 0xf8, 0xff, 0x80, 0xff, 0x1f, 0xfc, 0x3f,
    0xc3, 0xff, 0xff, 0xf8, 0x7e, 0xff, 0xfe, 0xf,
    0xcf, 0xff, 0x81, 0xf8, 0x7f, 0xc0, 0x0, 0x3,
    0xe0, 0x0,

    /* U+0063 "c" */
    0x0, 0x7, 0xf8, 0x0, 0x3, 0xff, 0xf0, 0x0,
    0xff, 0xff, 0x80, 0x1f, 0xff, 0xfe, 0x3, 0xff,
    0xff, 0xe0, 0x7f, 0xe0, 0xfe, 0xf, 0xf8, 0x3,
    0xc1, 0xff, 0x0, 0x18, 0x1f, 0xe0, 0x0, 0x3,
    0xfc, 0x0, 0x0, 0x3f, 0x80, 0x0, 0x7, 0xf8,
    0x0, 0x0, 0x7f, 0x0, 0x0, 0x7, 0xf0, 0x0,
    0x0, 0x7f, 0x0, 0x0, 0xf, 0xe0, 0x0, 0x0,
    0xfe, 0x0, 0x0, 0xf, 0xe0, 0x0, 0x0, 0xfe,
    0x0, 0x0, 0xf, 0xe0, 0x0, 0x0, 0xfe, 0x0,
    0x0, 0xf, 0xe0, 0x0, 0x0, 0xfe, 0x0, 0x0,
    0xf, 0xe0, 0x0, 0x0, 0xfe, 0x0, 0x0, 0xf,
    0xf0, 0x0, 0x0, 0x7f, 0x0, 0x0, 0x7, 0xf0,
    0x0, 0x0, 0x7f, 0x80, 0x0, 0x3, 0xf8, 0x0,
    0x0, 0x3f, 0xc0, 0x0, 0x1, 0xfc, 0x0, 0x4,
    0x1f, 0xe0, 0x0, 0xc0, 0xff, 0x80, 0x1e, 0x7,
    0xfe, 0x7, 0xf0, 0x3f, 0xff, 0xff, 0x1, 0xff,
    0xff, 0xe0, 0xf, 0xff, 0xfc, 0x0, 0x3f, 0xff,
    0x0, 0x0, 0x7f, 0x80,

    /* U+0064 "d" */
    0x0, 0x0, 0xf, 0xe0, 0x0, 0x1, 0xfc, 0x0,
    0x0, 0x3f, 0x80, 0x0, 0x7, 0xf0, 0x0, 0x0,
    0xfe, 0x0, 0x0, 0x1f, 0xc0, 0x0, 0x3, 0xf8,
    0x0, 0x0, 0x7f, 0x0, 0x0, 0xf, 0xe0, 0x0,
    0x1, 0xfc, 0x0, 0x0, 0x3f, 0x80, 0x0, 0x7,
    0xf0, 0x0, 0x0, 0xfe, 0x0, 0x0, 0x1f, 0xc0,
    0x0, 0x3, 0xf8, 0x1, 0xf8, 0x7f, 0x1, 0xff,
    0xcf, 0xe0, 0x7f, 0xfd, 0xfc, 0x1f, 0xff, 0xff,
    0x87, 0xff, 0xff, 0xf0, 0xff, 0x7, 0xfe, 0x3f,
    0xc0, 0x7f, 0xcf, 0xf0, 0x7, 0xf9, 0xfe, 0x0,
    0x7f, 0x3f, 0x80, 0xf, 0xef, 0xe0, 0x1, 0xfd,
    0xfc, 0x0, 0x3f, 0xbf, 0x80, 0x7, 0xff, 0xf0,
    0x0, 0xff, 0xfc, 0x0, 0x1f, 0xff, 0x80, 0x3,
    0xff, 0xf0, 0x0, 0x7f, 0xfe, 0x0, 0xf, 0xff,
    0xc0, 0x1, 0xff, 0xf8, 0x0, 0x3f, 0xff, 0x0,
    0x7, 0xff, 0xe0, 0x0, 0xff, 0xfc, 0x0, 0x1f,
    0xff, 0x80, 0x3, 0xff, 0xf0, 0x0, 0x7f, 0xfe,
    0x0, 0xf, 0xff, 0xc0, 0x1, 0xfd, 0xfc, 0x0,
    0x3f, 0xbf, 0x80, 0x7, 0xf7, 0xf0, 0x0, 0xfe,
    0xfe, 0x0, 0x1f, 0xcf, 0xe0, 0x7, 0xf9, 0xfe,
    0x1, 0xff, 0x3f, 0xc0, 0x7f, 0xe3, 0xfe, 0x1f,
    0xfc, 0x3f, 0xff, 0xdf, 0x87, 0xff, 0xf3, 0xf0,
    0x7f, 0xfc, 0x7e, 0x3, 0xff, 0xf, 0xc0, 0x1f,
    0x80, 0x0,

    /* U+0065 "e" */
    0x0, 0xf, 0xe0, 0x0, 0x7, 0xff, 0x80, 0x0,
    0xff, 0xfc, 0x0, 0x3f, 0xff, 0xe0, 0x7, 0xff,
    0xff, 0x0, 0xff, 0x87, 0xf8, 0xf, 0xe0, 0x1f,
    0xc1, 0xfc, 0x0, 0xfc, 0x1f, 0x80, 0xf, 0xc3,
    0xf8, 0x0, 0x7e, 0x3f, 0x0, 0x7, 0xe7, 0xf0,
    0x0, 0x7e, 0x7e, 0x0, 0x3, 0xf7, 0xe0, 0x0,
    0x3f, 0xfe, 0x0, 0x3, 0xff, 0xe0, 0x0, 0x3f,
    0xfe, 0x0, 0x3, 0xff, 0xff, 0xff, 0xff, 0xff,
    0xff, 0xff, 0xff, 0xff, 0xff, 0xff, 0xff, 0xff,
    0xff, 0xff, 0xff, 0xff, 0xff, 0xfe, 0x0, 0x0,
    0xf, 0xe0, 0x0, 0x0, 0xfe, 0x0, 0x0, 0xf,
    0xe0, 0x0, 0x0, 0x7e, 0x0, 0x0, 0x7, 0xf0,
    0x0, 0x0, 0x7f, 0x0, 0x0, 0x3, 0xf0, 0x0,
    0x0, 0x3f, 0x80, 0x0, 0x3, 0xfc, 0x0, 0x0,
    0x1f, 0xe0, 0x0, 0x0, 0xff, 0x0, 0x10, 0xf,
    0xfc, 0xf, 0x80, 0x7f, 0xff, 0xfc, 0x3, 0xff,
    0xff, 0xc0, 0xf, 0xff, 0xf8, 0x0, 0x7f, 0xfe,
    0x0, 0x0, 0xff, 0x0,

    /* U+0066 "f" */
    0x0, 0x0, 0x0, 0x0, 0x0, 0x1f, 0xfc, 0x0,
    0x7, 0xff, 0xf0, 0x1, 0xff, 0xff, 0x0, 0x1f,
    0xff, 0xe0, 0x3, 0xff, 0xfe, 0x0, 0x7f, 0xc0,
    0x20, 0x7, 0xf8, 0x0, 0x0, 0x7f, 0x0, 0x0,
    0xf, 0xf0, 0x0, 0x0, 0xfe, 0x0, 0x0, 0xf,
    0xe0, 0x0, 0x0, 0xfe, 0x0, 0x0, 0xf, 0xe0,
    0x0, 0x0, 0xfe, 0x0, 0x0, 0xf, 0xe0, 0x0,
    0x0, 0xfe, 0x0, 0xf, 0xff, 0xff, 0xf8, 0xff,
    0xff, 0xff, 0x8f, 0xff, 0xff, 0xf8, 0xff, 0xff,
    0xff, 0x8f, 0xff, 0xff, 0xf8, 0x0, 0xfe, 0x0,
    0x0, 0xf, 0xe0, 0x0, 0x0, 0xfe, 0x0, 0x0,
    0xf, 0xe0, 0x0, 0x0, 0xfe, 0x0, 0x0, 0xf,
    0xe0, 0x0, 0x0, 0xfe, 0x0, 0x0, 0xf, 0xe0,
    0x0, 0x0, 0xfe, 0x0, 0x0, 0xf, 0xe0, 0x0,
    0x0, 0xfe, 0x0, 0x0, 0xf, 0xe0, 0x0, 0x0,
    0xfe, 0x0, 0x0, 0xf, 0xe0, 0x0, 0x0, 0xfe,
    0x0, 0x0, 0xf, 0xe0, 0x0, 0x0, 0xfe, 0x0,
    0x0, 0xf, 0xe0, 0x0, 0x0, 0xfe, 0x0, 0x0,
    0xf, 0xe0, 0x0, 0x0, 0xfe, 0x0, 0x0, 0xf,
    0xe0, 0x0, 0x0, 0xfe, 0x0, 0x0, 0xf, 0xe0,
    0x0, 0x0, 0xfe, 0x0, 0x0, 0xf, 0xe0, 0x0,
    0x0, 0xfe, 0x0, 0x0, 0xf, 0xe0, 0x0, 0x0,
    0xfe, 0x0, 0x0, 0xf, 0xe0, 0x0, 0x0, 0xfe,
    0x0, 0x0, 0xf, 0xe0, 0x0, 0x0, 0xfe, 0x0,
    0x0,

    /* U+0067 "g" */
    0x0, 0x3f, 0x0, 0x0, 0x3, 0xff, 0xff, 0xf0,
    0x1f, 0xff, 0xff, 0xc1, 0xff, 0xff, 0xff, 0x7,
    0xff, 0xff, 0xfc, 0x3f, 0x83, 0xff, 0xf1, 0xfc,
    0x7, 0xe0, 0x7, 0xe0, 0xf, 0xc0, 0x1f, 0x80,
    0x3f, 0x0, 0xfc, 0x0, 0xfc, 0x3, 0xf0, 0x1,
    0xf8, 0xf, 0xc0, 0x7, 0xe0, 0x3f, 0x0, 0x1f,
    0x80, 0xfc, 0x0, 0x7e, 0x3, 0xf0, 0x1, 0xf8,
    0xf, 0xc0, 0x7, 0xe0, 0x3f, 0x0, 0x1f, 0x80,
    0xfc, 0x0, 0x7e, 0x1, 0xf8, 0x3, 0xf0, 0x7,
    0xe0, 0xf, 0xc0, 0x1f, 0x80, 0x3f, 0x0, 0x3f,
    0x1, 0xf8, 0x0, 0x7f, 0x1f, 0xe0, 0x1, 0xff,
    0xff, 0x0, 0x7, 0xff, 0xf8, 0x0, 0x3f, 0xff,
    0x80, 0x1, 0xf9, 0xf8, 0x0, 0x7, 0xc0, 0x0,
    0x0, 0x3e, 0x0, 0x0, 0x0, 0xf8, 0x0, 0x0,
    0x3, 0xe0, 0x0, 0x0, 0xf, 0x80, 0x0, 0x0,
    0x3f, 0x0, 0x0, 0x0, 0xfe, 0x0, 0x0, 0x1,
    0xff, 0xff, 0xe0, 0x7, 0xff, 0xff, 0xf0, 0x7,
    0xff, 0xff, 0xe0, 0x1f, 0xff, 0xff, 0xc0, 0xff,
    0xff, 0xff, 0x87, 0xc0, 0x1, 0xfe, 0x3e, 0x0,
    0x1, 0xfd, 0xf8, 0x0, 0x3, 0xf7, 0xc0, 0x0,
    0xf, 0xff, 0x0, 0x0, 0x3f, 0xfc, 0x0, 0x0,
    0xff, 0xf0, 0x0, 0x3, 0xff, 0xc0, 0x0, 0x1f,
    0xbf, 0x80, 0x0, 0x7e, 0xfe, 0x0, 0x3, 0xf9,
    0xfe, 0x0, 0x3f, 0xc7, 0xfe, 0x3, 0xfe, 0xf,
    0xff, 0xff, 0xf0, 0x1f, 0xff, 0xff, 0x80, 0x3f,
    0xff, 0xfc, 0x0, 0x3f, 0xff, 0xc0, 0x0, 0x1f,
    0xf8, 0x0,

    /* U+0068 "h" */
    0xfe, 0x0, 0x0, 0x1f, 0xc0, 0x0, 0x3, 0xf8,
    0x0, 0x0, 0x7f, 0x0, 0x0, 0xf, 0xe0, 0x0,
    0x1, 0xfc, 0x0, 0x0, 0x3f, 0x80, 0x0, 0x7,
    0xf0, 0x0, 0x0, 0xfe, 0x0, 0x0, 0x1f, 0xc0,
    0x0, 0x3, 0xf8, 0x0, 0x0, 0x7f, 0x0, 0x0,
    0xf, 0xe0, 0x0, 0x1, 0xfc, 0x0, 0x0, 0x3f,
    0x80, 0x0, 0x7, 0xf0, 0x1f, 0xc0, 0xfe, 0xf,
    0xfe, 0x1f, 0xc3, 0xff, 0xe3, 0xf9, 0xff, 0xfe,
    0x7f, 0x7f, 0xff, 0xcf, 0xff, 0x7, 0xfd, 0xff,
    0xc0, 0x7f, 0xbf, 0xf0, 0x7, 0xf7, 0xfc, 0x0,
    0xff, 0xff, 0x0, 0xf, 0xff, 0xc0, 0x1, 0xff,
    0xf8, 0x0, 0x3f, 0xff, 0x0, 0x7, 0xff, 0xe0,
    0x0, 0xff, 0xfc, 0x0, 0x1f, 0xff, 0x80, 0x3,
    0xff, 0xf0, 0x0, 0x7f, 0xfe, 0x0, 0xf, 0xff,
    0xc0, 0x1, 0xff, 0xf8, 0x0, 0x3f, 0xff, 0x0,
    0x7, 0xff, 0xe0, 0x0, 0xff, 0xfc, 0x0, 0x1f,
    0xff, 0x80, 0x3, 0xff, 0xf0, 0x0, 0x7f, 0xfe,
    0x0, 0xf, 0xff, 0xc0, 0x1, 0xff, 0xf8, 0x0,
    0x3f, 0xff, 0x0, 0x7, 0xff, 0xe0, 0x0, 0xff,
    0xfc, 0x0, 0x1f, 0xff, 0x80, 0x3, 0xff, 0xf0,
    0x0, 0x7f, 0xfe, 0x0, 0xf, 0xff, 0xc0, 0x1,
    0xff, 0xf8, 0x0, 0x3f, 0xff, 0x0, 0x7, 0xff,
    0xe0, 0x0, 0xff, 0xfc, 0x0, 0x1f, 0xc0,

    /* U+0069 "i" */
    0x8, 0x3f, 0x9f, 0xdf, 0xff, 0xff, 0xff, 0xfc,
    0xfe, 0x8, 0x0, 0x0, 0x0, 0x0, 0x0, 0x0,
    0x0, 0x0, 0x7f, 0x3f, 0x9f, 0xcf, 0xe7, 0xf3,
    0xf9, 0xfc, 0xfe, 0x7f, 0x3f, 0x9f, 0xcf, 0xe7,
    0xf3, 0xf9, 0xfc, 0xfe, 0x7f, 0x3f, 0x9f, 0xcf,
    0xe7, 0xf3, 0xf9, 0xfc, 0xfe, 0x7f, 0x3f, 0x9f,
    0xcf, 0xe7, 0xf3, 0xf9, 0xfc, 0xfe, 0x7f, 0x3f,
    0x9f, 0xcf, 0xe7, 0xf3, 0xf8,

    /* U+006A "j" */
    0x0, 0x0, 0x20, 0x0, 0x3, 0xf8, 0x0, 0x7,
    0xf0, 0x0, 0x1f, 0xf0, 0x0, 0x3f, 0xe0, 0x0,
    0x7f, 0xc0, 0x0, 0xff, 0x0, 0x0, 0xfe, 0x0,
    0x0, 0x20, 0x0, 0x0, 0x0, 0x0, 0x0, 0x0,
    0x0, 0x0, 0x0, 0x0, 0x0, 0x0, 0x0, 0x0,
    0x0, 0x0, 0x0, 0x0, 0x0, 0x0, 0x0, 0x1,
    0xfc, 0x0, 0x3, 0xf8, 0x0, 0x7, 0xf0, 0x0,
    0xf, 0xe0, 0x0, 0x1f, 0xc0, 0x0, 0x3f, 0x80,
    0x0, 0x7f, 0x0, 0x0, 0xfe, 0x0, 0x1, 0xfc,
    0x0, 0x3, 0xf8, 0x0, 0x7, 0xf0, 0x0, 0xf,
    0xe0, 0x0, 0x1f, 0xc0, 0x0, 0x3f, 0x80, 0x0,
    0x7f, 0x0, 0x0, 0xfe, 0x0, 0x1, 0xfc, 0x0,
    0x3, 0xf8, 0x0, 0x7, 0xf0, 0x0, 0xf, 0xe0,
    0x0, 0x1f, 0xc0, 0x0, 0x3f, 0x80, 0x0, 0x7f,
    0x0, 0x0, 0xfe, 0x0, 0x1, 0xfc, 0x0, 0x3,
    0xf8, 0x0, 0x7, 0xf0, 0x0, 0xf, 0xe0, 0x0,
    0x1f, 0xc0, 0x0, 0x3f, 0x80, 0x0, 0x7f, 0x0,
    0x0, 0xfe, 0x0, 0x1, 0xfc, 0x0, 0x3, 0xf8,
    0x0, 0x7, 0xf0, 0x0, 0xf, 0xe0, 0x0, 0x1f,
    0xc0, 0x0, 0x3f, 0x80, 0x0, 0x7f, 0x0, 0x0,
    0xfe, 0x0, 0x1, 0xfc, 0x0, 0x3, 0xf8, 0x0,
    0x7, 0xf0, 0x0, 0xf, 0xe0, 0x0, 0x3f, 0x80,
    0x0, 0x7f, 0x0, 0x1, 0xfe, 0x10, 0x3, 0xf8,
    0x38, 0x1f, 0xf0, 0xff, 0xff, 0xc1, 0xff, 0xff,
    0x87, 0xff, 0xfe, 0x3, 0xff, 0xf0, 0x0, 0xff,
    0x80, 0x0,

    /* U+006B "k" */
    0xfe, 0x0, 0x0, 0x7, 0xf0, 0x0, 0x0, 0x3f,
    0x80, 0x0, 0x1, 0xfc, 0x0, 0x0, 0xf, 0xe0,
    0x0, 0x0, 0x7f, 0x0, 0x0, 0x3, 0xf8, 0x0,
    0x0, 0x1f, 0xc0, 0x0, 0x0, 0xfe, 0x0, 0x0,
    0x7, 0xf0, 0x0, 0x0, 0x3f, 0x80, 0x0, 0x1,
    0xfc, 0x0, 0x0, 0xf, 0xe0, 0x0, 0x0, 0x7f,
    0x0, 0x0, 0x3, 0xf8, 0x0, 0x0, 0x1f, 0xc0,
    0x0, 0x0, 0xfe, 0x0, 0x7, 0xf7, 0xf0, 0x0,
    0x7f, 0x3f, 0x80, 0x7, 0xf1, 0xfc, 0x0, 0x3f,
    0xf, 0xe0, 0x3, 0xf8, 0x7f, 0x0, 0x3f, 0x83,
    0xf8, 0x3, 0xf8, 0x1f, 0xc0, 0x1f, 0xc0, 0xfe,
    0x1, 0xfc, 0x7, 0xf0, 0x1f, 0xc0, 0x3f, 0x80,
    0xfc, 0x1, 0xfc, 0xf, 0xe0, 0xf, 0xe0, 0xfe,
    0x0, 0x7f, 0x7, 0xe0, 0x3, 0xf8, 0x7f, 0x0,
    0x1f, 0xc7, 0xf0, 0x0, 0xfe, 0x7f, 0xc0, 0x7,
    0xf3, 0xfe, 0x0, 0x3f, 0xbf, 0xf8, 0x1, 0xff,
    0xff, 0xc0, 0xf, 0xff, 0xff, 0x0, 0x7f, 0xf9,
    0xf8, 0x3, 0xff, 0x8f, 0xe0, 0x1f, 0xf8, 0x3f,
    0x0, 0xff, 0xc1, 0xfc, 0x7, 0xfc, 0x7, 0xe0,
    0x3f, 0xc0, 0x3f, 0x81, 0xfc, 0x0, 0xfc, 0xf,
    0xe0, 0x7, 0xf0, 0x7f, 0x0, 0x1f, 0x83, 0xf8,
    0x0, 0xfe, 0x1f, 0xc0, 0x3, 0xf0, 0xfe, 0x0,
    0x1f, 0xc7, 0xf0, 0x0, 0x7e, 0x3f, 0x80, 0x3,
    0xf9, 0xfc, 0x0, 0xf, 0xef, 0xe0, 0x0, 0x7f,
    0x7f, 0x0, 0x1, 0xfc,

    /* U+006C "l" */
    0xfe, 0x0, 0x1f, 0xc0, 0x3, 0xf8, 0x0, 0x7f,
    0x0, 0xf, 0xe0, 0x1, 0xfc, 0x0, 0x3f, 0x80,
    0x7, 0xf0, 0x0, 0xfe, 0x0, 0x1f, 0xc0, 0x3,
    0xf8, 0x0, 0x7f, 0x0, 0xf, 0xe0, 0x1, 0xfc,
    0x0, 0x3f, 0x80, 0x7, 0xf0, 0x0, 0xfe, 0x0,
    0x1f, 0xc0, 0x3, 0xf8, 0x0, 0x7f, 0x0, 0xf,
    0xe0, 0x1, 0xfc, 0x0, 0x3f, 0x80, 0x7, 0xf0,
    0x0, 0xfe, 0x0, 0x1f, 0xc0, 0x3, 0xf8, 0x0,
    0x7f, 0x0, 0xf, 0xe0, 0x1, 0xfc, 0x0, 0x3f,
    0x80, 0x7, 0xf0, 0x0, 0xfe, 0x0, 0x1f, 0xc0,
    0x3, 0xf8, 0x0, 0x7f, 0x0, 0xf, 0xe0, 0x1,
    0xfc, 0x0, 0x3f, 0x80, 0x7, 0xf0, 0x0, 0xfe,
    0x0, 0x1f, 0xc0, 0x3, 0xf8, 0x0, 0x7f, 0x0,
    0xf, 0xe0, 0x1, 0xfc, 0x0, 0x3f, 0xc0, 0x3,
    0xfc, 0x0, 0x7f, 0xc1, 0x87, 0xff, 0xf8, 0xff,
    0xff, 0xf, 0xff, 0xf0, 0xff, 0xfc, 0x3, 0xfc,
    0x0,

    /* U+006D "m" */
    0x0, 0x3e, 0x3, 0xe1, 0xf1, 0xfe, 0x1f, 0xe3,
    0xe7, 0xfe, 0x7f, 0xe7, 0xdf, 0xfc, 0xff, 0xef,
    0xbf, 0xff, 0xff, 0xdf, 0xf1, 0xff, 0x3f, 0xbf,
    0xc3, 0xfc, 0x3f, 0xff, 0x3, 0xf0, 0x3f, 0xfe,
    0x7, 0xe0, 0x7f, 0xf8, 0xf, 0x80, 0xff, 0xf0,
    0x1f, 0x1, 0xff, 0xe0, 0x3e, 0x3, 0xff, 0xc0,
    0x7c, 0x7, 0xff, 0x80, 0xf8, 0xf, 0xff, 0x1,
    0xf0, 0x1f, 0xfe, 0x3, 0xe0, 0x3f, 0xfc, 0x7,
    0xc0, 0x7f, 0xf8, 0xf, 0x80, 0xff, 0xf0, 0x1f,
    0x1, 0xff, 0xe0, 0x3e, 0x3, 0xff, 0xc0, 0x7c,
    0x7, 0xff, 0x80, 0xf8, 0xf, 0xff, 0x1, 0xf0,
    0x1f, 0xfe, 0x3, 0xe0, 0x3f, 0xfc, 0x7, 0xc0,
    0x7f, 0xf8, 0xf, 0x80, 0xff, 0xf0, 0x1f, 0x1,
    0xff, 0xe0, 0x3e, 0x3, 0xff, 0xc0, 0x7c, 0x7,
    0xff, 0x80, 0xf8, 0xf, 0xff, 0x1, 0xf0, 0x1f,
    0xfe, 0x3, 0xe0, 0x3f, 0xfc, 0x7, 0xc0, 0x7f,
    0xf8, 0xf, 0x80, 0xff, 0xf0, 0x1f, 0x1, 0xff,
    0xe0, 0x3e, 0x3, 0xff, 0xc0, 0x7c, 0x7, 0xff,
    0x80, 0xf8, 0xf, 0xff, 0x1, 0xf0, 0x1f, 0x80,

    /* U+006E "n" */
    0x0, 0x3, 0xf8, 0x1f, 0x81, 0xff, 0xc3, 0xf0,
    0xff, 0xfc, 0x7e, 0x3f, 0xff, 0xcf, 0xcf, 0xff,
    0xf9, 0xfb, 0xe0, 0xff, 0xbf, 0xf8, 0xf, 0xf7,
    0xfe, 0x0, 0xfe, 0xff, 0x80, 0x1f, 0xff, 0xe0,
    0x1, 0xff, 0xf8, 0x0, 0x3f, 0xff, 0x0, 0x7,
    0xff, 0xe0, 0x0, 0xff, 0xfc, 0x0, 0x1f, 0xff,
    0x80, 0x3, 0xff, 0xf0, 0x0, 0x7f, 0xfe, 0x0,
    0xf, 0xff, 0xc0, 0x1, 0xff, 0xf8, 0x0, 0x3f,
    0xff, 0x0, 0x7, 0xff, 0xe0, 0x0, 0xff, 0xfc,
    0x0, 0x1f, 0xff, 0x80, 0x3, 0xff, 0xf0, 0x0,
    0x7f, 0xfe, 0x0, 0xf, 0xff, 0xc0, 0x1, 0xff,
    0xf8, 0x0, 0x3f, 0xff, 0x0, 0x7, 0xff, 0xe0,
    0x0, 0xff, 0xfc, 0x0, 0x1f, 0xff, 0x80, 0x3,
    0xff, 0xf0, 0x0, 0x7f, 0xfe, 0x0, 0xf, 0xff,
    0xc0, 0x1, 0xff, 0xf8, 0x0, 0x3f, 0xff, 0x0,
    0x7, 0xff, 0xe0, 0x0, 0xff, 0xfc, 0x0, 0x1f,
    0xff, 0x80, 0x3, 0xf8,

    /* U+006F "o" */
    0x0, 0x1f, 0xc0, 0x0, 0x3, 0xff, 0xc0, 0x0,
    0x7f, 0xff, 0x0, 0x7, 0xff, 0xfc, 0x0, 0x7f,
    0xff, 0xf0, 0x7, 0xf8, 0x3f, 0xc0, 0x7f, 0x80,
    0xff, 0x3, 0xf8, 0x3, 0xf8, 0x3f, 0x80, 0xf,
    0xe1, 0xfc, 0x0, 0x7f, 0x1f, 0xc0, 0x1, 0xfc,
    0xfe, 0x0, 0xf, 0xe7, 0xf0, 0x0, 0x7f, 0x3f,
    0x80, 0x3, 0xfb, 0xf8, 0x0, 0xf, 0xff, 0xc0,
    0x0, 0x7f, 0xfe, 0x0, 0x3, 0xff, 0xf0, 0x0,
    0x1f, 0xff, 0x80, 0x0, 0xff, 0xfc, 0x0, 0x7,
    0xff, 0xe0, 0x0, 0x3f, 0xff, 0x0, 0x1, 0xff,
    0xf8, 0x0, 0xf, 0xff, 0xc0, 0x0, 0x7f, 0xfe,
    0x0, 0x3, 0xff, 0xf0, 0x0, 0x1f, 0xdf, 0xc0,
    0x1, 0xfc, 0xfe, 0x0, 0xf, 0xe7, 0xf0, 0x0,
    0x7f, 0x3f, 0x80, 0x3, 0xf8, 0xfe, 0x0, 0x3f,
    0x87, 0xf0, 0x1, 0xfc, 0x1f, 0xc0, 0x1f, 0xc0,
    0xff, 0x1, 0xfe, 0x3, 0xfc, 0x1f, 0xe0, 0xf,
    0xff, 0xfe, 0x0, 0x3f, 0xff, 0xe0, 0x0, 0xff,
    0xfe, 0x0, 0x3, 0xff, 0xe0, 0x0, 0x3, 0xf8,
    0x0,

    /* U+0070 "p" */
    0x0, 0x7, 0xe0, 0x1f, 0x87, 0xff, 0x3, 0xf1,
    0xff, 0xf0, 0x7e, 0x7f, 0xff, 0xf, 0xdf, 0xff,
    0xf1, 0xff, 0xe1, 0xfe, 0x3f, 0xf0, 0x1f, 0xe7,
    0xfc, 0x1, 0xfc, 0xff, 0x0, 0x3f, 0xdf, 0xe0,
    0x3, 0xfb, 0xf8, 0x0, 0x7f, 0x7f, 0x0, 0xf,
    0xef, 0xe0, 0x1, 0xfd, 0xfc, 0x0, 0x1f, 0xff,
    0x80, 0x3, 0xff, 0xf0, 0x0, 0x7f, 0xfe, 0x0,
    0xf, 0xff, 0xc0, 0x1, 0xff, 0xf8, 0x0, 0x3f,
    0xff, 0x0, 0x7, 0xff, 0xe0, 0x0, 0xff, 0xfc,
    0x0, 0x1f, 0xff, 0x80, 0x3, 0xff, 0xf0, 0x0,
    0x7f, 0xfe, 0x0, 0xf, 0xff, 0xc0, 0x1, 0xff,
    0xf8, 0x0, 0x7f, 0x7f, 0x0, 0xf, 0xef, 0xe0,
    0x1, 0xfd, 0xfc, 0x0, 0x3f, 0xbf, 0x80, 0xf,
    0xe7, 0xf0, 0x1, 0xfc, 0xff, 0x0, 0x7f, 0x1f,
    0xf0, 0x1f, 0xe3, 0xff, 0x87, 0xf8, 0x7f, 0xff,
    0xff, 0xf, 0xff, 0xff, 0xc1, 0xfd, 0xff, 0xf0,
    0x3f, 0x8f, 0xf8, 0x7, 0xf0, 0x7c, 0x0, 0xfe,
    0x0, 0x0, 0x1f, 0xc0, 0x0, 0x3, 0xf8, 0x0,
    0x0, 0x7f, 0x0, 0x0, 0xf, 0xe0, 0x0, 0x1,
    0xfc, 0x0, 0x0, 0x3f, 0x80, 0x0, 0x7, 0xf0,
    0x0, 0x0, 0xfe, 0x0, 0x0, 0x1f, 0xc0, 0x0,
    0x3, 0xf8, 0x0, 0x0, 0x7f, 0x0, 0x0, 0xf,
    0xe0, 0x0, 0x1, 0xfc, 0x0, 0x0, 0x0,

    /* U+0071 "q" */
    0x0, 0x3f, 0x0, 0x0, 0x1f, 0xf8, 0xfc, 0xf,
    0xff, 0x9f, 0x83, 0xff, 0xfb, 0xf0, 0xff, 0xff,
    0xfe, 0x1f, 0xe0, 0xff, 0xc7, 0xf8, 0xf, 0xf9,
    0xfe, 0x0, 0xff, 0x3f, 0x80, 0xf, 0xe7, 0xf0,
    0x1, 0xfd, 0xfc, 0x0, 0x3f, 0xbf, 0x80, 0x7,
    0xf7, 0xf0, 0x0, 0xff, 0xfe, 0x0, 0x1f, 0xff,
    0x80, 0x3, 0xff, 0xf0, 0x0, 0x7f, 0xfe, 0x0,
    0xf, 0xff, 0xc0, 0x1, 0xff, 0xf8, 0x0, 0x3f,
    0xff, 0x0, 0x7, 0xff, 0xe0, 0x0, 0xff, 0xfc,
    0x0, 0x1f, 0xff, 0x80, 0x3, 0xff, 0xf0, 0x0,
    0x7f, 0xfe, 0x0, 0xf, 0xff, 0xc0, 0x1, 0xff,
    0xf8, 0x0, 0x3f, 0xbf, 0x80, 0x7, 0xf7, 0xf0,
    0x0, 0xfe, 0xfe, 0x0, 0x1f, 0xdf, 0xc0, 0x3,
    0xf9, 0xfc, 0x0, 0xff, 0x3f, 0x80, 0x3f, 0xe7,
    0xf8, 0xf, 0xfc, 0x7f, 0xc3, 0xff, 0x87, 0xff,
    0xff, 0xf0, 0xff, 0xfe, 0xfe, 0xf, 0xff, 0x9f,
    0xc0, 0x7f, 0xe3, 0xf8, 0x3, 0xf0, 0x7f, 0x0,
    0x0, 0xf, 0xe0, 0x0, 0x1, 0xfc, 0x0, 0x0,
    0x3f, 0x80, 0x0, 0x7, 0xf0, 0x0, 0x0, 0xfe,
    0x0, 0x0, 0x1f, 0xc0, 0x0, 0x3, 0xf8, 0x0,
    0x0, 0x7f, 0x0, 0x0, 0xf, 0xe0, 0x0, 0x1,
    0xfc, 0x0, 0x0, 0x3f, 0x80, 0x0, 0x7, 0xf0,
    0x0, 0x0, 0xfe, 0x0, 0x0, 0x1f, 0xc0,

    /* U+0072 "r" */
    0x0, 0x1, 0xfe, 0x7e, 0x3, 0xff, 0xff, 0x7,
    0xff, 0xff, 0x87, 0xff, 0xef, 0xc7, 0xff, 0xf7,
    0xe7, 0xf8, 0x1b, 0xf7, 0xe0, 0x1, 0xfb, 0xe0,
    0x0, 0xff, 0xe0, 0x0, 0x7f, 0xe0, 0x0, 0x3f,
    0xe0, 0x0, 0x1f, 0xf0, 0x0, 0xf, 0xf0, 0x0,
    0x7, 0xf8, 0x0, 0x3, 0xf8, 0x0, 0x1, 0xfc,
    0x0, 0x0, 0xfe, 0x0, 0x0, 0x7f, 0x0, 0x0,
    0x3f, 0x80, 0x0, 0x1f, 0xc0, 0x0, 0xf, 0xe0,
    0x0, 0x7, 0xf0, 0x0, 0x3, 0xf8, 0x0, 0x1,
    0xfc, 0x0, 0x0, 0xfe, 0x0, 0x0, 0x7f, 0x0,
    0x0, 0x3f, 0x80, 0x0, 0x1f, 0xc0, 0x0, 0xf,
    0xe0, 0x0, 0x7, 0xf0, 0x0, 0x3, 0xf8, 0x0,
    0x1, 0xfc, 0x0, 0x0, 0xfe, 0x0, 0x0, 0x7f,
    0x0, 0x0, 0x3f, 0x80, 0x0, 0x1f, 0xc0, 0x0,
    0xf, 0xe0, 0x0, 0x7, 0xf0, 0x0, 0x3, 0xf8,
    0x0, 0x0,

    /* U+0073 "s" */
    0x0, 0x1f, 0xe0, 0x0, 0xf, 0xff, 0xc0, 0x3,
    0xff, 0xff, 0x0, 0x7f, 0xff, 0xfc, 0xf, 0xff,
    0xff, 0xc1, 0xff, 0x3, 0xfc, 0x1f, 0xc0, 0x7,
    0x83, 0xf8, 0x0, 0x30, 0x3f, 0x0, 0x0, 0x3,
    0xf0, 0x0, 0x0, 0x3f, 0x0, 0x0, 0x3, 0xf0,
    0x0, 0x0, 0x3f, 0x0, 0x0, 0x3, 0xf8, 0x0,
    0x0, 0x1f, 0xe0, 0x0, 0x1, 0xff, 0x0, 0x0,
    0xf, 0xfe, 0x0, 0x0, 0x7f, 0xf8, 0x0, 0x1,
    0xff, 0xf0, 0x0, 0xf, 0xff, 0xc0, 0x0, 0x3f,
    0xff, 0x0, 0x0, 0x7f, 0xf8, 0x0, 0x1, 0xff,
    0xc0, 0x0, 0x7, 0xfe, 0x0, 0x0, 0x1f, 0xe0,
    0x0, 0x0, 0x7f, 0x0, 0x0, 0x7, 0xf0, 0x0,
    0x0, 0x3f, 0x0, 0x0, 0x3, 0xf0, 0x0, 0x0,
    0x3f, 0x0, 0x0, 0x3, 0xf1, 0x80, 0x0, 0x7f,
    0x3c, 0x0, 0x7, 0xe7, 0xf0, 0x0, 0xfe, 0xff,
    0xe0, 0x3f, 0xc7, 0xff, 0xff, 0xfc, 0x1f, 0xff,
    0xff, 0x80, 0xff, 0xff, 0xe0, 0x1, 0xff, 0xfc,
    0x0, 0x3, 0xfe, 0x0,

    /* U+0074 "t" */
    0x0, 0x7e, 0x0, 0x0, 0x3, 0xf0, 0x0, 0x0,
    0x1f, 0x80, 0x0, 0x0, 0xfc, 0x0, 0x0, 0x7,
    0xe0, 0x0, 0x0, 0x3f, 0x0, 0x0, 0x1, 0xf8,
    0x0, 0x0, 0xf, 0xc0, 0x0, 0x0, 0x7e, 0x0,
    0x0, 0x7, 0xf0, 0x0, 0x0, 0x3f, 0x80, 0x1,
    0xff, 0xff, 0xff, 0xef, 0xff, 0xff, 0xff, 0x7f,
    0xff, 0xff, 0xfb, 0xff, 0xff, 0xff, 0xdf, 0xff,
    0xff, 0xfe, 0x0, 0xfe, 0x0, 0x0, 0x7, 0xf0,
    0x0, 0x0, 0x3f, 0x80, 0x0, 0x1, 0xfc, 0x0,
    0x0, 0xf, 0xe0, 0x0, 0x0, 0x7f, 0x0, 0x0,
    0x3, 0xf8, 0x0, 0x0, 0x1f, 0xc0, 0x0, 0x0,
    0xfe, 0x0, 0x0, 0x7, 0xf0, 0x0, 0x0, 0x3f,
    0x80, 0x0, 0x1, 0xfc, 0x0, 0x0, 0xf, 0xe0,
    0x0, 0x0, 0x7f, 0x0, 0x0, 0x3, 0xf8, 0x0,
    0x0, 0x1f, 0xc0, 0x0, 0x0, 0xfe, 0x0, 0x0,
    0x7, 0xf0, 0x0, 0x0, 0x3f, 0x80, 0x0, 0x1,
    0xfc, 0x0, 0x0, 0xf, 0xe0, 0x0, 0x0, 0x7f,
    0x0, 0x0, 0x3, 0xf8, 0x0, 0x0, 0x1f, 0xc0,
    0x0, 0x0, 0xff, 0x0, 0x0, 0x3, 0xf8, 0x0,
    0x0, 0x1f, 0xc0, 0x0, 0x0, 0xff, 0x0, 0x0,
    0x3, 0xfe, 0x7, 0x0, 0x1f, 0xff, 0xf8, 0x0,
    0x7f, 0xff, 0xe0, 0x1, 0xff, 0xff, 0x0, 0x7,
    0xff, 0xf0, 0x0, 0x7, 0xfc, 0x0,

    /* U+0075 "u" */
    0xfe, 0x0, 0xf, 0xff, 0xc0, 0x1, 0xff, 0xf8,
    0x0, 0x3f, 0xff, 0x0, 0x7, 0xff, 0xe0, 0x0,
    0xff, 0xfc, 0x0, 0x1f, 0xff, 0x80, 0x3, 0xff,
    0xf0, 0x0, 0x7f, 0xfe, 0x0, 0xf, 0xff, 0xc0,
    0x1, 0xff, 0xf8, 0x0, 0x3f, 0xff, 0x0, 0x7,
    0xff, 0xe0, 0x0, 0xff, 0xfc, 0x0, 0x1f, 0xff,
    0x80, 0x3, 0xff, 0xf0, 0x0, 0x7f, 0xfe, 0x0,
    0xf, 0xff, 0xc0, 0x1, 0xff, 0xf8, 0x0, 0x3f,
    0xff, 0x0, 0x7, 0xff, 0xe0, 0x0, 0xff, 0xfc,
    0x0, 0x1f, 0xff, 0x80, 0x3, 0xff, 0xf0, 0x0,
    0x7f, 0xfe, 0x0, 0xf, 0xff, 0xc0, 0x1, 0xff,
    0xf8, 0x0, 0x3f, 0xff, 0x0, 0x7, 0xff, 0xe0,
    0x0, 0xff, 0xfc, 0x0, 0x3f, 0xff, 0xc0, 0xf,
    0xfb, 0xf8, 0x3, 0xff, 0x7f, 0x80, 0xff, 0xef,
    0xf8, 0x3e, 0xfc, 0xff, 0xff, 0x9f, 0x9f, 0xff,
    0xe3, 0xf1, 0xff, 0xf8, 0x7e, 0x1f, 0xfe, 0xf,
    0xc0, 0xfe, 0x0, 0x0,

    /* U+0076 "v" */
    0xfe, 0x0, 0x0, 0xfe, 0xfc, 0x0, 0x1, 0xf9,
    0xf8, 0x0, 0x3, 0xf3, 0xf8, 0x0, 0xf, 0xe3,
    0xf0, 0x0, 0x1f, 0x87, 0xe0, 0x0, 0x3f, 0xf,
    0xe0, 0x0, 0x7e, 0x1f, 0xc0, 0x1, 0xfc, 0x1f,
    0x80, 0x3, 0xf0, 0x3f, 0x0, 0x7, 0xe0, 0x7f,
    0x0, 0xf, 0xc0, 0x7e, 0x0, 0x3f, 0x0, 0xfc,
    0x0, 0x7e, 0x1, 0xf8, 0x0, 0xfc, 0x1, 0xf8,
    0x3, 0xf0, 0x3, 0xf0, 0x7, 0xe0, 0x7, 0xe0,
    0xf, 0xc0, 0x7, 0xe0, 0x1f, 0x80, 0xf, 0xc0,
    0x7e, 0x0, 0x1f, 0x80, 0xfc, 0x0, 0x3f, 0x1,
    0xf8, 0x0, 0x3f, 0x3, 0xe0, 0x0, 0x7e, 0xf,
    0xc0, 0x0, 0xfc, 0x1f, 0x80, 0x0, 0xf8, 0x3e,
    0x0, 0x1, 0xf8, 0x7c, 0x0, 0x3, 0xf1, 0xf8,
    0x0, 0x3, 0xe3, 0xf0, 0x0, 0x7, 0xc7, 0xc0,
    0x0, 0xf, 0xcf, 0x80, 0x0, 0x1f, 0xbf, 0x0,
    0x0, 0x1f, 0x7c, 0x0, 0x0, 0x3e, 0xf8, 0x0,
    0x0, 0x7f, 0xf0, 0x0, 0x0, 0x7f, 0xc0, 0x0,
    0x0, 0xff, 0x80, 0x0, 0x1, 0xff, 0x0, 0x0,
    0x1, 0xfe, 0x0, 0x0,

    /* U+0077 "w" */
    0xfc, 0x0, 0x0, 0x7, 0xff, 0x80, 0x0, 0x0,
    0xff, 0xf0, 0x7, 0xc0, 0x1f, 0xbe, 0x0, 0xf8,
    0x3, 0xe7, 0xc0, 0x1f, 0x0, 0x7c, 0xf8, 0x7,
    0xf0, 0xf, 0x9f, 0x80, 0xfe, 0x3, 0xf3, 0xf0,
    0x1f, 0xc0, 0x7e, 0x7e, 0x3, 0xf8, 0xf, 0xc7,
    0xc0, 0x77, 0x1, 0xf0, 0xf8, 0xe, 0xe0, 0x3e,
    0x1f, 0x3, 0xdc, 0x7, 0xc3, 0xe0, 0x7b, 0xc0,
    0xf8, 0x7e, 0xf, 0x78, 0x3f, 0xf, 0xc1, 0xef,
    0x7, 0xe0, 0xf8, 0x38, 0xe0, 0xfc, 0x1f, 0x7,
    0x1c, 0x1f, 0x3, 0xe0, 0xe3, 0x83, 0xe0, 0x7c,
    0x3c, 0x78, 0x7c, 0xf, 0x87, 0x8f, 0xf, 0x81,
    0xf8, 0xf1, 0xe3, 0xf0, 0x1f, 0x1e, 0x3c, 0x7e,
    0x3, 0xe3, 0xc3, 0x8f, 0x80, 0x7c, 0x70, 0x71,
    0xf0, 0xf, 0x8e, 0xf, 0x3e, 0x1, 0xf3, 0xc1,
    0xe7, 0xc0, 0x3e, 0x78, 0x3c, 0xf8, 0x3, 0xcf,
    0x7, 0x9f, 0x0, 0x7d, 0xe0, 0xf3, 0xc0, 0xf,
    0xb8, 0xe, 0xf8, 0x1, 0xf7, 0x1, 0xdf, 0x0,
    0x3e, 0xe0, 0x3f, 0xe0, 0x7, 0xfc, 0x7, 0xfc,
    0x0, 0x7f, 0x80, 0xff, 0x80, 0xf, 0xf0, 0x1f,
    0xf0, 0x1, 0xfe, 0x1, 0xfc, 0x0, 0x3f, 0x80,
    0x3f, 0x80, 0x7, 0xf0, 0x7, 0xf0, 0x0,

    /* U+0078 "x" */
    0x7f, 0x0, 0x3, 0xf3, 0xf8, 0x0, 0x3f, 0x8f,
    0xe0, 0x1, 0xf8, 0x7f, 0x0, 0x1f, 0xc1, 0xfc,
    0x0, 0xfc, 0xf, 0xe0, 0xf, 0xe0, 0x3f, 0x80,
    0x7e, 0x0, 0xfc, 0x7, 0xf0, 0x7, 0xf0, 0x3f,
    0x0, 0x1f, 0x81, 0xf0, 0x0, 0xfe, 0x1f, 0x80,
    0x3, 0xf0, 0xf8, 0x0, 0x1f, 0xcf, 0xc0, 0x0,
    0x7e, 0x7c, 0x0, 0x3, 0xff, 0xe0, 0x0, 0xf,
    0xfe, 0x0, 0x0, 0x7f, 0xf0, 0x0, 0x1, 0xff,
    0x0, 0x0, 0xf, 0xf8, 0x0, 0x0, 0x7f, 0xc0,
    0x0, 0x7, 0xfe, 0x0, 0x0, 0x3f, 0xf8, 0x0,
    0x3, 0xff, 0xc0, 0x0, 0x1f, 0x3f, 0x0, 0x1,
    0xf9, 0xf8, 0x0, 0xf, 0xc7, 0xe0, 0x0, 0xfc,
    0x3f, 0x80, 0xf, 0xe0, 0xfc, 0x0, 0x7e, 0x7,
    0xf0, 0x7, 0xf0, 0x1f, 0x80, 0x3f, 0x0, 0xfe,
    0x3, 0xf8, 0x3, 0xf0, 0x1f, 0x80, 0x1f, 0xc1,
    0xfc, 0x0, 0x7f, 0xf, 0xc0, 0x3, 0xf8, 0xfe,
    0x0, 0xf, 0xe7, 0xe0, 0x0, 0x3f, 0x7f, 0x0,
    0x1, 0xfc,

    /* U+0079 "y" */
    0xfe, 0x0, 0x0, 0xfe, 0xfc, 0x0, 0x1, 0xf9,
    0xfc, 0x0, 0x3, 0xf3, 0xf8, 0x0, 0xf, 0xe3,
    0xf0, 0x0, 0x1f, 0x87, 0xe0, 0x0, 0x3f, 0xf,
    0xe0, 0x0, 0x7e, 0xf, 0xc0, 0x1, 0xfc, 0x1f,
    0x80, 0x3, 0xf0, 0x3f, 0x80, 0x7, 0xe0, 0x3f,
    0x0, 0xf, 0xc0, 0x7e, 0x0, 0x3f, 0x0, 0xfc,
    0x0, 0x7e, 0x0, 0xfc, 0x0, 0xfc, 0x1, 0xf8,
    0x1, 0xf8, 0x3, 0xf0, 0x7, 0xe0, 0x3, 0xf0,
    0xf, 0xc0, 0x7, 0xe0, 0x1f, 0x80, 0xf, 0xc0,
    0x3e, 0x0, 0xf, 0xc0, 0xfc, 0x0, 0x1f, 0x81,
    0xf8, 0x0, 0x1f, 0x3, 0xf0, 0x0, 0x3e, 0x7,
    0xc0, 0x0, 0x7e, 0xf, 0x80, 0x0, 0x7c, 0x3f,
    0x0, 0x0, 0xf8, 0x7c, 0x0, 0x1, 0xf0, 0xf8,
    0x0, 0x1, 0xf1, 0xf0, 0x0, 0x3, 0xe7, 0xe0,
    0x0, 0x7, 0xcf, 0x80, 0x0, 0x7, 0xdf, 0x0,
    0x0, 0xf, 0xbe, 0x0, 0x0, 0x1f, 0xf8, 0x0,
    0x0, 0x1f, 0xf0, 0x0, 0x0, 0x3f, 0xe0, 0x0,
    0x0, 0x7f, 0xc0, 0x0, 0x0, 0x7f, 0x0, 0x0,
    0x0, 0xfe, 0x0, 0x0, 0x1, 0xfc, 0x0, 0x0,
    0x3, 0xf0, 0x0, 0x0, 0x7, 0xe0, 0x0, 0x0,
    0x1f, 0xc0, 0x0, 0x0, 0x3f, 0x0, 0x0, 0x0,
    0x7e, 0x0, 0x0, 0x1, 0xfc, 0x0, 0x0, 0x7,
    0xf0, 0x0, 0x0, 0xf, 0xe0, 0x0, 0x0, 0x7f,
    0x80, 0x0, 0x1f, 0xfe, 0x0, 0x0, 0x3f, 0xf8,
    0x0, 0x0, 0xff, 0xf0, 0x0, 0x1, 0xff, 0x80,
    0x0, 0x1, 0xfc, 0x0, 0x0, 0x0,

    /* U+007A "z" */
    0x3f, 0xff, 0xff, 0xe7, 0xff, 0xff, 0xfc, 0xff,
    0xff, 0xff, 0x9f, 0xff, 0xff, 0xf3, 0xff, 0xff,
    0xfc, 0x0, 0x0, 0x3f, 0x80, 0x0, 0xf, 0xe0,
    0x0, 0x1, 0xf8, 0x0, 0x0, 0x7f, 0x0, 0x0,
    0x1f, 0xc0, 0x0, 0x3, 0xf0, 0x0, 0x0, 0xfe,
    0x0, 0x0, 0x3f, 0x80, 0x0, 0x7, 0xe0, 0x0,
    0x1, 0xfc, 0x0, 0x0, 0x7f, 0x0, 0x0, 0xf,
    0xc0, 0x0, 0x3, 0xf8, 0x0, 0x0, 0x7e, 0x0,
    0x0, 0x1f, 0xc0, 0x0, 0x7, 0xf0, 0x0, 0x0,
    0xfc, 0x0, 0x0, 0x3f, 0x80, 0x0, 0xf, 0xe0,
    0x0, 0x1, 0xf8, 0x0, 0x0, 0x7f, 0x0, 0x0,
    0x1f, 0xc0, 0x0, 0x3, 0xf0, 0x0, 0x0, 0xfe,
    0x0, 0x0, 0x3f, 0x80, 0x0, 0x7, 0xe0, 0x0,
    0x1, 0xfc, 0x0, 0x0, 0x7f, 0x0, 0x0, 0xf,
    0xff, 0xff, 0xff, 0xff, 0xff, 0xff, 0xff, 0xff,
    0xff, 0xff, 0xff, 0xff, 0xff, 0xff, 0xff, 0xff,
    0xc0,

    /* U+007B "{" */
    0x0, 0x3, 0xfe, 0x0, 0x3f, 0xfc, 0x0, 0xff,
    0xf8, 0x3, 0xf8, 0x0, 0x7, 0xc0, 0x0, 0xf,
    0x80, 0x0, 0x3e, 0x0, 0x0, 0x7c, 0x0, 0x0,
    0xf8, 0x0, 0x1, 0xf0, 0x0, 0x3, 0xe0, 0x0,
    0x7, 0xc0, 0x0, 0xf, 0x80, 0x0, 0x1f, 0x0,
    0x0, 0x3e, 0x0, 0x0, 0x7c, 0x0, 0x0, 0xf8,
    0x0, 0x1, 0xf0, 0x0, 0x3, 0xe0, 0x0, 0x3,
    0xc0, 0x0, 0x7, 0x80, 0x0, 0xf, 0x0, 0x0,
    0x1e, 0x0, 0x0, 0x3c, 0x0, 0x0, 0x78, 0x0,
    0x0, 0xf0, 0x0, 0x1, 0xe0, 0x0, 0x7, 0xc0,
    0x0, 0xf, 0x80, 0x0, 0x3e, 0x0, 0x1, 0xfc,
    0x0, 0x7f, 0xf0, 0x0, 0xff, 0x80, 0x1, 0xff,
    0x0, 0x3, 0xff, 0x80, 0x0, 0x7f, 0x80, 0x0,
    0x1f, 0x0, 0x0, 0x1e, 0x0, 0x0, 0x3e, 0x0,
    0x0, 0x3c, 0x0, 0x0, 0x78, 0x0, 0x0, 0xf0,
    0x0, 0x1, 0xe0, 0x0, 0x3, 0xc0, 0x0, 0x7,
    0x80, 0x0, 0xf, 0x0, 0x0, 0x1e, 0x0, 0x0,
    0x7c, 0x0, 0x0, 0xf8, 0x0, 0x1, 0xf0, 0x0,
    0x3, 0xe0, 0x0, 0x7, 0xc0, 0x0, 0xf, 0x80,
    0x0, 0x1f, 0x0, 0x0, 0x3e, 0x0, 0x0, 0x7c,
    0x0, 0x0, 0xf8, 0x0, 0x1, 0xf0, 0x0, 0x3,
    0xe0, 0x0, 0x7, 0xc0, 0x0, 0xf, 0x80, 0x0,
    0xf, 0x80, 0x0, 0x1f, 0x80, 0x0, 0x3f, 0x80,
    0x0, 0x3f, 0xfe, 0x0, 0x3f, 0xfc, 0x0, 0xf,
    0xf8,

    /* U+007C "|" */
    0xff, 0xff, 0xff, 0xff, 0xff, 0xff, 0xff, 0xff,
    0xff, 0xff, 0xff, 0xff, 0xff, 0xff, 0xff, 0xff,
    0xff, 0xff, 0xff, 0xff, 0xff, 0xff, 0xff, 0xff,
    0xff, 0xff, 0xff, 0xff, 0xff, 0xff, 0xff, 0xff,
    0xff, 0xff, 0xff, 0xff, 0xff, 0xff, 0xff, 0xf0,

    /* U+007D "}" */
    0xff, 0xc0, 0x1, 0xff, 0xf0, 0x3, 0xff, 0xf0,
    0x0, 0xf, 0xf0, 0x0, 0x7, 0xe0, 0x0, 0xf,
    0xc0, 0x0, 0xf, 0xc0, 0x0, 0x1f, 0x80, 0x0,
    0x3f, 0x0, 0x0, 0x7e, 0x0, 0x0, 0xfc, 0x0,
    0x1, 0xf8, 0x0, 0x3, 0xf0, 0x0, 0x7, 0xe0,
    0x0, 0xf, 0xc0, 0x0, 0x1f, 0x80, 0x0, 0x3f,
    0x0, 0x0, 0x7e, 0x0, 0x0, 0xfc, 0x0, 0x1,
    0xf0, 0x0, 0x3, 0xe0, 0x0, 0x7, 0xc0, 0x0,
    0xf, 0x80, 0x0, 0x1f, 0x0, 0x0, 0x3e, 0x0,
    0x0, 0x7c, 0x0, 0x0, 0xf8, 0x0, 0x1, 0xf8,
    0x0, 0x1, 0xf0, 0x0, 0x3, 0xf0, 0x0, 0x3,
    0xf8, 0x0, 0x3, 0xff, 0x0, 0x1, 0xfe, 0x0,
    0x3, 0xfc, 0x0, 0x1f, 0xf8, 0x0, 0x7f, 0x0,
    0x1, 0xf8, 0x0, 0x3, 0xe0, 0x0, 0xf, 0xc0,
    0x0, 0x1f, 0x0, 0x0, 0x3e, 0x0, 0x0, 0x7c,
    0x0, 0x0, 0xf8, 0x0, 0x1, 0xf0, 0x0, 0x3,
    0xe0, 0x0, 0x7, 0xc0, 0x0, 0xf, 0x80, 0x0,
    0x1f, 0x0, 0x0, 0x3f, 0x0, 0x0, 0x7e, 0x0,
    0x0, 0xfc, 0x0, 0x1, 0xf8, 0x0, 0x3, 0xf0,
    0x0, 0x7, 0xe0, 0x0, 0xf, 0xc0, 0x0, 0x1f,
    0x80, 0x0, 0x3f, 0x0, 0x0, 0x7e, 0x0, 0x0,
    0xfc, 0x0, 0x1, 0xf8, 0x0, 0x3, 0xf0, 0x0,
    0xf, 0xc0, 0x0, 0x1f, 0x80, 0x0, 0xff, 0x0,
    0xff, 0xfc, 0x1, 0xff, 0xf0, 0x3, 0xff, 0x0,
    0x0,

    /* U+007E "~" */
    0x1, 0xf8, 0x0, 0x0, 0x3, 0xff, 0x0, 0x0,
    0x3, 0xff, 0xc0, 0x1, 0x3, 0xff, 0xf0, 0x1,
    0xc3, 0xff, 0xfc, 0x1, 0xf1, 0xf8, 0x7f, 0x81,
    0xf9, 0xf0, 0x1f, 0xe1, 0xf9, 0xf0, 0x7, 0xff,
    0xfc, 0x38, 0x0, 0xff, 0xfc, 0x8, 0x0, 0x3f,
    0xfc, 0x0, 0x0, 0xf, 0xfc, 0x0, 0x0, 0x1,
    0xf0, 0x0
};


/*---------------------
 *  GLYPH DESCRIPTION
 *--------------------*/

static const lv_font_fmt_txt_glyph_dsc_t glyph_dsc[] = {
    {.bitmap_index = 0, .adv_w = 0, .box_w = 0, .box_h = 0, .ofs_x = 0, .ofs_y = 0} /* id = 0 reserved */,
    {.bitmap_index = 0, .adv_w = 560, .box_w = 1, .box_h = 1, .ofs_x = 0, .ofs_y = 0},
    {.bitmap_index = 1, .adv_w = 560, .box_w = 9, .box_h = 53, .ofs_x = 13, .ofs_y = -1},
    {.bitmap_index = 61, .adv_w = 560, .box_w = 20, .box_h = 20, .ofs_x = 7, .ofs_y = 34},
    {.bitmap_index = 111, .adv_w = 560, .box_w = 31, .box_h = 51, .ofs_x = 2, .ofs_y = 0},
    {.bitmap_index = 309, .adv_w = 560, .box_w = 27, .box_h = 67, .ofs_x = 4, .ofs_y = -9},
    {.bitmap_index = 536, .adv_w = 560, .box_w = 33, .box_h = 52, .ofs_x = 1, .ofs_y = -1},
    {.bitmap_index = 751, .adv_w = 560, .box_w = 32, .box_h = 53, .ofs_x = 2, .ofs_y = -1},
    {.bitmap_index = 963, .adv_w = 560, .box_w = 7, .box_h = 20, .ofs_x = 14, .ofs_y = 34},
    {.bitmap_index = 981, .adv_w = 560, .box_w = 19, .box_h = 71, .ofs_x = 10, .ofs_y = -14},
    {.bitmap_index = 1150, .adv_w = 560, .box_w = 19, .box_h = 71, .ofs_x = 6, .ofs_y = -14},
    {.bitmap_index = 1319, .adv_w = 560, .box_w = 23, .box_h = 23, .ofs_x = 6, .ofs_y = 33},
    {.bitmap_index = 1386, .adv_w = 560, .box_w = 31, .box_h = 35, .ofs_x = 2, .ofs_y = 8},
    {.bitmap_index = 1522, .adv_w = 560, .box_w = 12, .box_h = 22, .ofs_x = 11, .ofs_y = -13},
    {.bitmap_index = 1555, .adv_w = 560, .box_w = 20, .box_h = 5, .ofs_x = 7, .ofs_y = 17},
    {.bitmap_index = 1568, .adv_w = 560, .box_w = 9, .box_h = 9, .ofs_x = 13, .ofs_y = -1},
    {.bitmap_index = 1579, .adv_w = 560, .box_w = 29, .box_h = 68, .ofs_x = 3, .ofs_y = -13},
    {.bitmap_index = 1826, .adv_w = 560, .box_w = 28, .box_h = 52, .ofs_x = 4, .ofs_y = -1},
    {.bitmap_index = 2008, .adv_w = 560, .box_w = 27, .box_h = 50, .ofs_x = 5, .ofs_y = 0},
    {.bitmap_index = 2177, .adv_w = 560, .box_w = 28, .box_h = 51, .ofs_x = 3, .ofs_y = 0},
    {.bitmap_index = 2356, .adv_w = 560, .box_w = 28, .box_h = 52, .ofs_x = 2, .ofs_y = -1},
    {.bitmap_index = 2538, .adv_w = 560, .box_w = 30, .box_h = 50, .ofs_x = 2, .ofs_y = 0},
    {.bitmap_index = 2726, .adv_w = 560, .box_w = 29, .box_h = 51, .ofs_x = 2, .ofs_y = -1},
    {.bitmap_index = 2911, .adv_w = 560, .box_w = 28, .box_h = 51, .ofs_x = 4, .ofs_y = -1},
    {.bitmap_index = 3090, .adv_w = 560, .box_w = 28, .box_h = 50, .ofs_x = 4, .ofs_y = 0},
    {.bitmap_index = 3265, .adv_w = 560, .box_w = 28, .box_h = 52, .ofs_x = 3, .ofs_y = -1},
    {.bitmap_index = 3447, .adv_w = 560, .box_w = 27, .box_h = 52, .ofs_x = 4, .ofs_y = -1},
    {.bitmap_index = 3623, .adv_w = 560, .box_w = 9, .box_h = 38, .ofs_x = 13, .ofs_y = -1},
    {.bitmap_index = 3666, .adv_w = 560, .box_w = 12, .box_h = 50, .ofs_x = 11, .ofs_y = -13},
    {.bitmap_index = 3741, .adv_w = 560, .box_w = 31, .box_h = 30, .ofs_x = 3, .ofs_y = 11},
    {.bitmap_index = 3858, .adv_w = 560, .box_w = 31, .box_h = 22, .ofs_x = 2, .ofs_y = 15},
    {.bitmap_index = 3944, .adv_w = 560, .box_w = 31, .box_h = 30, .ofs_x = 2, .ofs_y = 11},
    {.bitmap_index = 4061, .adv_w = 560, .box_w = 24, .box_h = 54, .ofs_x = 5, .ofs_y = 0},
    {.bitmap_index = 4223, .adv_w = 560, .box_w = 30, .box_h = 61, .ofs_x = 2, .ofs_y = -11},
    {.bitmap_index = 4452, .adv_w = 560, .box_w = 33, .box_h = 52, .ofs_x = 1, .ofs_y = 0},
    {.bitmap_index = 4667, .adv_w = 560, .box_w = 27, .box_h = 51, .ofs_x = 5, .ofs_y = 0},
    {.bitmap_index = 4840, .adv_w = 560, .box_w = 30, .box_h = 53, .ofs_x = 3, .ofs_y = -1},
    {.bitmap_index = 5039, .adv_w = 560, .box_w = 28, .box_h = 51, .ofs_x = 4, .ofs_y = 0},
    {.bitmap_index = 5218, .adv_w = 560, .box_w = 25, .box_h = 51, .ofs_x = 6, .ofs_y = 0},
    {.bitmap_index = 5378, .adv_w = 560, .box_w = 24, .box_h = 51, .ofs_x = 7, .ofs_y = 0},
    {.bitmap_index = 5531, .adv_w = 560, .box_w = 29, .box_h = 53, .ofs_x = 3, .ofs_y = -1},
    {.bitmap_index = 5724, .adv_w = 560, .box_w = 27, .box_h = 51, .ofs_x = 4, .ofs_y = 0},
    {.bitmap_index = 5897, .adv_w = 560, .box_w = 25, .box_h = 51, .ofs_x = 5, .ofs_y = 0},
    {.bitmap_index = 6057, .adv_w = 560, .box_w = 26, .box_h = 53, .ofs_x = 4, .ofs_y = -1},
    {.bitmap_index = 6230, .adv_w = 560, .box_w = 30, .box_h = 51, .ofs_x = 5, .ofs_y = 0},
    {.bitmap_index = 6422, .adv_w = 560, .box_w = 25, .box_h = 52, .ofs_x = 7, .ofs_y = 0},
    {.bitmap_index = 6585, .adv_w = 560, .box_w = 27, .box_h = 51, .ofs_x = 4, .ofs_y = 0},
    {.bitmap_index = 6758, .adv_w = 560, .box_w = 26, .box_h = 51, .ofs_x = 4, .ofs_y = 0},
    {.bitmap_index = 6924, .adv_w = 560, .box_w = 30, .box_h = 53, .ofs_x = 3, .ofs_y = -1},
    {.bitmap_index = 7123, .adv_w = 560, .box_w = 28, .box_h = 52, .ofs_x = 5, .ofs_y = -1},
    {.bitmap_index = 7305, .adv_w = 560, .box_w = 31, .box_h = 65, .ofs_x = 3, .ofs_y = -13},
    {.bitmap_index = 7557, .adv_w = 560, .box_w = 28, .box_h = 52, .ofs_x = 5, .ofs_y = 0},
    {.bitmap_index = 7739, .adv_w = 560, .box_w = 29, .box_h = 53, .ofs_x = 3, .ofs_y = -1},
    {.bitmap_index = 7932, .adv_w = 560, .box_w = 31, .box_h = 51, .ofs_x = 2, .ofs_y = 0},
    {.bitmap_index = 8130, .adv_w = 560, .box_w = 27, .box_h = 53, .ofs_x = 4, .ofs_y = -1},
    {.bitmap_index = 8309, .adv_w = 560, .box_w = 31, .box_h = 52, .ofs_x = 2, .ofs_y = 0},
    {.bitmap_index = 8511, .adv_w = 560, .box_w = 34, .box_h = 51, .ofs_x = 0, .ofs_y = 0},
    {.bitmap_index = 8728, .adv_w = 560, .box_w = 31, .box_h = 51, .ofs_x = 2, .ofs_y = 0},
    {.bitmap_index = 8926, .adv_w = 560, .box_w = 33, .box_h = 52, .ofs_x = 1, .ofs_y = 0},
    {.bitmap_index = 9141, .adv_w = 560, .box_w = 28, .box_h = 51, .ofs_x = 3, .ofs_y = 0},
    {.bitmap_index = 9320, .adv_w = 560, .box_w = 17, .box_h = 67, .ofs_x = 13, .ofs_y = -12},
    {.bitmap_index = 9463, .adv_w = 560, .box_w = 29, .box_h = 68, .ofs_x = 3, .ofs_y = -13},
    {.bitmap_index = 9710, .adv_w = 560, .box_w = 17, .box_h = 67, .ofs_x = 5, .ofs_y = -12},
    {.bitmap_index = 9853, .adv_w = 560, .box_w = 27, .box_h = 30, .ofs_x = 4, .ofs_y = 22},
    {.bitmap_index = 9955, .adv_w = 560, .box_w = 28, .box_h = 5, .ofs_x = 3, .ofs_y = -10},
    {.bitmap_index = 9973, .adv_w = 560, .box_w = 13, .box_h = 12, .ofs_x = 9, .ofs_y = 45},
    {.bitmap_index = 9993, .adv_w = 560, .box_w = 27, .box_h = 40, .ofs_x = 4, .ofs_y = -1},
    {.bitmap_index = 10128, .adv_w = 560, .box_w = 27, .box_h = 55, .ofs_x = 5, .ofs_y = -1},
    {.bitmap_index = 10314, .adv_w = 560, .box_w = 28, .box_h = 40, .ofs_x = 4, .ofs_y = -1},
    {.bitmap_index = 10454, .adv_w = 560, .box_w = 27, .box_h = 55, .ofs_x = 3, .ofs_y = -1},
    {.bitmap_index = 10640, .adv_w = 560, .box_w = 28, .box_h = 40, .ofs_x = 3, .ofs_y = -1},
    {.bitmap_index = 10780, .adv_w = 560, .box_w = 28, .box_h = 55, .ofs_x = 5, .ofs_y = 0},
    {.bitmap_index = 10973, .adv_w = 560, .box_w = 30, .box_h = 56, .ofs_x = 3, .ofs_y = -17},
    {.bitmap_index = 11183, .adv_w = 560, .box_w = 27, .box_h = 54, .ofs_x = 5, .ofs_y = 0},
    {.bitmap_index = 11366, .adv_w = 560, .box_w = 9, .box_h = 54, .ofs_x = 13, .ofs_y = 1},
    {.bitmap_index = 11427, .adv_w = 560, .box_w = 23, .box_h = 70, .ofs_x = 0, .ofs_y = -15},
    {.bitmap_index = 11629, .adv_w = 560, .box_w = 29, .box_h = 54, .ofs_x = 5, .ofs_y = 0},
    {.bitmap_index = 11825, .adv_w = 560, .box_w = 19, .box_h = 54, .ofs_x = 13, .ofs_y = 0},
    {.bitmap_index = 11954, .adv_w = 560, .box_w = 31, .box_h = 39, .ofs_x = 3, .ofs_y = 0},
    {.bitmap_index = 12106, .adv_w = 560, .box_w = 27, .box_h = 39, .ofs_x = 5, .ofs_y = 0},
    {.bitmap_index = 12238, .adv_w = 560, .box_w = 29, .box_h = 40, .ofs_x = 3, .ofs_y = -1},
    {.bitmap_index = 12383, .adv_w = 560, .box_w = 27, .box_h = 54, .ofs_x = 5, .ofs_y = -15},
    {.bitmap_index = 12566, .adv_w = 560, .box_w = 27, .box_h = 54, .ofs_x = 3, .ofs_y = -15},
    {.bitmap_index = 12749, .adv_w = 560, .box_w = 25, .box_h = 39, .ofs_x = 8, .ofs_y = 0},
    {.bitmap_index = 12871, .adv_w = 560, .box_w = 28, .box_h = 40, .ofs_x = 3, .ofs_y = -1},
    {.bitmap_index = 13011, .adv_w = 560, .box_w = 29, .box_h = 50, .ofs_x = 3, .ofs_y = -1},
    {.bitmap_index = 13193, .adv_w = 560, .box_w = 27, .box_h = 39, .ofs_x = 4, .ofs_y = -1},
    {.bitmap_index = 13325, .adv_w = 560, .box_w = 31, .box_h = 38, .ofs_x = 2, .ofs_y = 0},
    {.bitmap_index = 13473, .adv_w = 560, .box_w = 35, .box_h = 38, .ofs_x = 0, .ofs_y = 0},
    {.bitmap_index = 13640, .adv_w = 560, .box_w = 29, .box_h = 38, .ofs_x = 3, .ofs_y = 0},
    {.bitmap_index = 13778, .adv_w = 560, .box_w = 31, .box_h = 53, .ofs_x = 2, .ofs_y = -15},
    {.bitmap_index = 13984, .adv_w = 560, .box_w = 27, .box_h = 38, .ofs_x = 4, .ofs_y = 0},
    {.bitmap_index = 14113, .adv_w = 560, .box_w = 23, .box_h = 67, .ofs_x = 6, .ofs_y = -12},
    {.bitmap_index = 14306, .adv_w = 560, .box_w = 4, .box_h = 79, .ofs_x = 15, .ofs_y = -20},
    {.bitmap_index = 14346, .adv_w = 560, .box_w = 23, .box_h = 67, .ofs_x = 5, .ofs_y = -12},
    {.bitmap_index = 14539, .adv_w = 560, .box_w = 33, .box_h = 12, .ofs_x = 1, .ofs_y = 20}
};

/*---------------------
 *  CHARACTER MAPPING
 *--------------------*/



/*Collect the unicode lists and glyph_id offsets*/
static const lv_font_fmt_txt_cmap_t cmaps[] =
{
    {
        .range_start = 32, .range_length = 95, .glyph_id_start = 1,
        .unicode_list = NULL, .glyph_id_ofs_list = NULL, .list_length = 0, .type = LV_FONT_FMT_TXT_CMAP_FORMAT0_TINY
    }
};



/*--------------------
 *  ALL CUSTOM DATA
 *--------------------*/

#if LVGL_VERSION_MAJOR == 8
/*Store all the custom data of the font*/
static  lv_font_fmt_txt_glyph_cache_t cache;
#endif

#if LVGL_VERSION_MAJOR >= 8
static const lv_font_fmt_txt_dsc_t font_dsc = {
#else
static lv_font_fmt_txt_dsc_t font_dsc = {
#endif
    .glyph_bitmap = glyph_bitmap,
    .glyph_dsc = glyph_dsc,
    .cmaps = cmaps,
    .kern_dsc = NULL,
    .kern_scale = 0,
    .cmap_num = 1,
    .bpp = 1,
    .kern_classes = 0,
    .bitmap_format = 0,
#if LVGL_VERSION_MAJOR == 8
    .cache = &cache
#endif
};



/*-----------------
 *  PUBLIC FONT
 *----------------*/

/*Initialize a public general font descriptor*/
#if LVGL_VERSION_MAJOR >= 8
const lv_font_t noto_mono_70 = {
#else
lv_font_t noto_mono_70 = {
#endif
    .get_glyph_dsc = lv_font_get_glyph_dsc_fmt_txt,    /*Function pointer to get glyph's data*/
    .get_glyph_bitmap = lv_font_get_bitmap_fmt_txt,    /*Function pointer to get glyph's bitmap*/
    .line_height = 79,          /*The maximum line height required by the font*/
    .base_line = 20,             /*Baseline measured from the bottom of the line*/
#if !(LVGL_VERSION_MAJOR == 6 && LVGL_VERSION_MINOR == 0)
    .subpx = LV_FONT_SUBPX_NONE,
#endif
#if LV_VERSION_CHECK(7, 4, 0) || LVGL_VERSION_MAJOR >= 8
    .underline_position = -9,
    .underline_thickness = 4,
#endif
    .dsc = &font_dsc,          /*The custom font data. Will be accessed by `get_glyph_bitmap/dsc` */
#if LV_VERSION_CHECK(8, 2, 0) || LVGL_VERSION_MAJOR >= 9
    .fallback = NULL,
#endif
    .user_data = NULL,
};



#endif /*#if NOTO_MONO_70*/

